races,hit,roi,roi_ex1,R_JulAug,roi_JulAug,hit_JulAug,R_Sep,roi_Sep,hit_Sep,scope,strategy,level,key
231.0,0.701,0.694,0.663,149.0,0.702,0.705,82.0,0.68,0.695,target,"T20 (AI上位20点, 予測的中≥55%)",group,その他
54.0,0.704,0.653,0.596,38.0,0.667,0.684,16.0,0.618,0.75,target,"T20 (AI上位20点, 予測的中≥55%)",group,南関
84.0,0.75,0.743,0.656,54.0,0.733,0.778,30.0,0.762,0.7,target,"T20 (AI上位20点, 予測的中≥55%)",region,北海道・東北
54.0,0.704,0.653,0.596,38.0,0.667,0.684,16.0,0.618,0.75,target,"T20 (AI上位20点, 予測的中≥55%)",region,南関東
89.0,0.629,0.652,0.577,55.0,0.651,0.6,34.0,0.654,0.676,target,"T20 (AI上位20点, 予測的中≥55%)",region,東海・北陸
58.0,0.741,0.689,0.572,40.0,0.731,0.75,18.0,0.594,0.722,target,"T20 (AI上位20点, 予測的中≥55%)",region,西日本
7.0,0.714,0.308,0.219,4.0,0.312,0.75,3.0,0.302,0.667,target,"T20 (AI上位20点, 予測的中≥55%)",venue,佐賀
27.0,0.519,0.42,0.324,13.0,0.315,0.462,14.0,0.514,0.571,target,"T20 (AI上位20点, 予測的中≥55%)",venue,名古屋
50.0,0.76,0.756,0.62,36.0,0.778,0.75,14.0,0.699,0.786,target,"T20 (AI上位20点, 予測的中≥55%)",venue,園田
18.0,0.889,0.631,0.534,10.0,0.628,1.0,8.0,0.636,0.75,target,"T20 (AI上位20点, 予測的中≥55%)",venue,大井
16.0,0.75,0.954,0.757,11.0,1.025,0.727,5.0,0.772,0.8,target,"T20 (AI上位20点, 予測的中≥55%)",venue,川崎
12.0,0.667,0.455,0.348,0.0,,,12.0,0.455,0.667,target,"T20 (AI上位20点, 予測的中≥55%)",venue,水沢
13.0,0.462,0.3,0.208,11.0,0.258,0.364,2.0,0.525,1.0,target,"T20 (AI上位20点, 予測的中≥55%)",venue,浦和
20.0,0.7,1.087,0.744,20.0,1.087,0.7,0.0,,,target,"T20 (AI上位20点, 予測的中≥55%)",venue,盛岡
34.0,0.529,0.744,0.548,22.0,0.645,0.5,12.0,0.925,0.583,target,"T20 (AI上位20点, 予測的中≥55%)",venue,笠松
7.0,0.571,0.688,0.381,6.0,0.802,0.667,1.0,0.0,0.0,target,"T20 (AI上位20点, 予測的中≥55%)",venue,船橋
28.0,0.857,0.764,0.609,20.0,0.875,0.8,8.0,0.493,1.0,target,"T20 (AI上位20点, 予測的中≥55%)",venue,金沢
52.0,0.788,0.675,0.531,34.0,0.518,0.824,18.0,0.977,0.722,target,"T20 (AI上位20点, 予測的中≥55%)",venue,門別
1.0,0.0,0.0,0.0,0.0,,,1.0,0.0,0.0,target,"T20 (AI上位20点, 予測的中≥55%)",venue,高知
285.0,0.702,0.687,0.661,187.0,0.695,0.701,98.0,0.67,0.704,target,"T20 (AI上位20点, 予測的中≥55%)",total,全体
281.0,0.644,0.653,0.627,175.0,0.662,0.651,106.0,0.638,0.632,target,AI上位20点 (絞り込みなし),group,その他
102.0,0.539,0.642,0.595,68.0,0.595,0.515,34.0,0.737,0.588,target,AI上位20点 (絞り込みなし),group,南関
101.0,0.703,0.675,0.602,63.0,0.699,0.746,38.0,0.635,0.632,target,AI上位20点 (絞り込みなし),region,北海道・東北
102.0,0.539,0.642,0.595,68.0,0.595,0.515,34.0,0.737,0.588,target,AI上位20点 (絞り込みなし),region,南関東
108.0,0.556,0.575,0.513,68.0,0.566,0.515,40.0,0.591,0.625,target,AI上位20点 (絞り込みなし),region,東海・北陸
72.0,0.694,0.738,0.643,44.0,0.755,0.727,28.0,0.71,0.643,target,AI上位20点 (絞り込みなし),region,西日本
8.0,0.75,0.565,0.269,4.0,0.312,0.75,4.0,0.823,0.75,target,AI上位20点 (絞り込みなし),venue,佐賀
40.0,0.4,0.355,0.291,22.0,0.282,0.318,18.0,0.443,0.5,target,AI上位20点 (絞り込みなし),venue,名古屋
62.0,0.71,0.784,0.674,40.0,0.8,0.725,22.0,0.754,0.682,target,AI上位20点 (絞り込みなし),venue,園田
34.0,0.735,0.816,0.677,18.0,0.885,0.778,16.0,0.739,0.688,target,AI上位20点 (絞り込みなし),venue,大井
28.0,0.571,0.78,0.669,18.0,0.75,0.556,10.0,0.839,0.6,target,AI上位20点 (絞り込みなし),venue,川崎
16.0,0.562,0.362,0.282,0.0,,,16.0,0.362,0.562,target,AI上位20点 (絞り込みなし),venue,水沢
20.0,0.3,0.198,0.137,14.0,0.208,0.286,6.0,0.175,0.333,target,AI上位20点 (絞り込みなし),venue,浦和
26.0,0.654,0.936,0.672,26.0,0.936,0.654,0.0,,,target,AI上位20点 (絞り込みなし),venue,盛岡
34.0,0.529,0.744,0.548,22.0,0.645,0.5,12.0,0.925,0.583,target,AI上位20点 (絞り込みなし),venue,笠松
20.0,0.4,0.582,0.388,18.0,0.431,0.389,2.0,1.925,0.5,target,AI上位20点 (絞り込みなし),venue,船橋
34.0,0.765,0.665,0.536,24.0,0.755,0.708,10.0,0.457,0.9,target,AI上位20点 (絞り込みなし),venue,金沢
59.0,0.763,0.644,0.518,37.0,0.528,0.811,22.0,0.841,0.682,target,AI上位20点 (絞り込みなし),venue,門別
2.0,0.0,0.0,0.0,0.0,,,2.0,0.0,0.0,target,AI上位20点 (絞り込みなし),venue,高知
383.0,0.616,0.65,0.631,243.0,0.643,0.613,140.0,0.662,0.621,target,AI上位20点 (絞り込みなし),total,全体
281.0,0.612,0.669,0.631,175.0,0.767,0.646,106.0,0.509,0.557,target,複勝3頭×6頭×6頭,group,その他
102.0,0.431,0.477,0.441,68.0,0.425,0.412,34.0,0.58,0.471,target,複勝3頭×6頭×6頭,group,南関
101.0,0.663,0.59,0.517,63.0,0.671,0.73,38.0,0.454,0.553,target,複勝3頭×6頭×6頭,region,北海道・東北
102.0,0.431,0.477,0.441,68.0,0.425,0.412,34.0,0.58,0.471,target,複勝3頭×6頭×6頭,region,南関東
108.0,0.574,0.802,0.703,68.0,0.928,0.559,40.0,0.593,0.6,target,複勝3頭×6頭×6頭,region,東海・北陸
72.0,0.597,0.58,0.488,44.0,0.658,0.659,28.0,0.46,0.5,target,複勝3頭×6頭×6頭,region,西日本
8.0,0.625,0.28,0.199,4.0,0.329,0.75,4.0,0.23,0.5,target,複勝3頭×6頭×6頭,venue,佐賀
40.0,0.45,0.849,0.58,22.0,1.123,0.364,18.0,0.523,0.556,target,複勝3頭×6頭×6頭,venue,名古屋
62.0,0.613,0.638,0.531,40.0,0.691,0.65,22.0,0.544,0.545,target,複勝3頭×6頭×6頭,venue,園田
34.0,0.618,0.645,0.579,18.0,0.655,0.722,16.0,0.633,0.5,target,複勝3頭×6頭×6頭,venue,大井
28.0,0.464,0.627,0.509,18.0,0.499,0.389,10.0,0.863,0.6,target,複勝3頭×6頭×6頭,venue,川崎
16.0,0.625,0.52,0.382,0.0,,,16.0,0.52,0.625,target,複勝3頭×6頭×6頭,venue,水沢
20.0,0.3,0.331,0.145,14.0,0.399,0.286,6.0,0.184,0.333,target,複勝3頭×6頭×6頭,venue,浦和
26.0,0.692,1.083,0.805,26.0,1.083,0.692,0.0,,,target,複勝3頭×6頭×6頭,venue,盛岡
34.0,0.618,0.963,0.769,22.0,1.026,0.682,12.0,0.847,0.5,target,複勝3頭×6頭×6頭,venue,笠松
20.0,0.2,0.119,0.079,18.0,0.132,0.222,2.0,0.0,0.0,target,複勝3頭×6頭×6頭,venue,船橋
34.0,0.676,0.581,0.445,24.0,0.653,0.625,10.0,0.415,0.8,target,複勝3頭×6頭×6頭,venue,金沢
59.0,0.661,0.385,0.333,37.0,0.374,0.757,22.0,0.405,0.5,target,複勝3頭×6頭×6頭,venue,門別
2.0,0.0,0.0,0.0,0.0,,,2.0,0.0,0.0,target,複勝3頭×6頭×6頭,venue,高知
383.0,0.564,0.618,0.59,243.0,0.672,0.58,140.0,0.526,0.536,target,複勝3頭×6頭×6頭,total,全体
281.0,0.21,0.765,0.667,175.0,0.764,0.211,106.0,0.766,0.208,target,期待値上位2→複勝上位2→複勝上位5,group,その他
102.0,0.275,1.401,1.138,68.0,0.93,0.235,34.0,2.342,0.353,target,期待値上位2→複勝上位2→複勝上位5,group,南関
101.0,0.208,0.618,0.497,63.0,0.422,0.222,38.0,0.95,0.184,target,期待値上位2→複勝上位2→複勝上位5,region,北海道・東北
102.0,0.275,1.401,1.138,68.0,0.93,0.235,34.0,2.342,0.353,target,期待値上位2→複勝上位2→複勝上位5,region,南関東
108.0,0.204,0.784,0.516,68.0,1.039,0.235,40.0,0.345,0.15,target,期待値上位2→複勝上位2→複勝上位5,region,東海・北陸
72.0,0.222,0.939,0.614,44.0,0.856,0.159,28.0,1.072,0.321,target,期待値上位2→複勝上位2→複勝上位5,region,西日本
8.0,0.25,0.541,0.054,4.0,0.0,0.0,4.0,1.038,0.5,target,期待値上位2→複勝上位2→複勝上位5,venue,佐賀
40.0,0.1,0.717,0.153,22.0,1.052,0.136,18.0,0.271,0.056,target,期待値上位2→複勝上位2→複勝上位5,venue,名古屋
62.0,0.226,1.013,0.638,40.0,0.936,0.175,22.0,1.154,0.318,target,期待値上位2→複勝上位2→複勝上位5,venue,園田
34.0,0.294,1.189,0.529,18.0,1.746,0.333,16.0,0.516,0.25,target,期待値上位2→複勝上位2→複勝上位5,venue,大井
28.0,0.393,2.168,1.098,18.0,0.617,0.278,10.0,4.914,0.6,target,期待値上位2→複勝上位2→複勝上位5,venue,川崎
16.0,0.125,1.023,0.473,0.0,,,16.0,1.023,0.125,target,期待値上位2→複勝上位2→複勝上位5,venue,水沢
20.0,0.15,0.706,0.111,14.0,0.992,0.143,6.0,0.126,0.167,target,期待値上位2→複勝上位2→複勝上位5,venue,浦和
26.0,0.192,0.483,0.321,26.0,0.483,0.192,0.0,,,target,期待値上位2→複勝上位2→複勝上位5,venue,盛岡
34.0,0.235,0.392,0.264,22.0,0.275,0.227,12.0,0.613,0.25,target,期待値上位2→複勝上位2→複勝上位5,venue,笠松
20.0,0.2,1.481,0.28,18.0,0.314,0.167,2.0,11.189,0.5,target,期待値上位2→複勝上位2→複勝上位5,venue,船橋
34.0,0.294,1.198,0.401,24.0,1.67,0.333,10.0,0.202,0.2,target,期待値上位2→複勝上位2→複勝上位5,venue,金沢
59.0,0.237,0.577,0.364,37.0,0.374,0.243,22.0,0.899,0.227,target,期待値上位2→複勝上位2→複勝上位5,venue,門別
2.0,0.0,0.0,0.0,0.0,,,2.0,0.0,0.0,target,期待値上位2→複勝上位2→複勝上位5,venue,高知
383.0,0.227,0.94,0.867,243.0,0.812,0.218,140.0,1.164,0.243,target,期待値上位2→複勝上位2→複勝上位5,total,全体
281.0,0.278,0.685,0.622,175.0,0.727,0.269,106.0,0.615,0.292,target,期待値上位2頭軸→複勝上位5流し,group,その他
102.0,0.294,0.899,0.732,68.0,0.605,0.25,34.0,1.464,0.382,target,期待値上位2頭軸→複勝上位5流し,group,南関
101.0,0.257,0.638,0.463,63.0,0.634,0.27,38.0,0.646,0.237,target,期待値上位2頭軸→複勝上位5流し,region,北海道・東北
102.0,0.294,0.899,0.732,68.0,0.605,0.25,34.0,1.464,0.382,target,期待値上位2頭軸→複勝上位5流し,region,南関東
108.0,0.315,0.705,0.545,68.0,0.8,0.309,40.0,0.543,0.325,target,期待値上位2頭軸→複勝上位5流し,region,東海・北陸
72.0,0.25,0.72,0.513,44.0,0.751,0.205,28.0,0.671,0.321,target,期待値上位2頭軸→複勝上位5流し,region,西日本
8.0,0.25,0.333,0.033,4.0,0.0,0.0,4.0,0.649,0.5,target,期待値上位2頭軸→複勝上位5流し,venue,佐賀
40.0,0.2,0.518,0.18,22.0,0.652,0.136,18.0,0.352,0.278,target,期待値上位2頭軸→複勝上位5流し,venue,名古屋
62.0,0.258,0.792,0.553,40.0,0.826,0.225,22.0,0.732,0.318,target,期待値上位2頭軸→複勝上位5流し,venue,園田
34.0,0.324,0.798,0.36,18.0,1.208,0.333,16.0,0.346,0.312,target,期待値上位2頭軸→複勝上位5流し,venue,大井
28.0,0.429,1.269,0.648,18.0,0.375,0.333,10.0,2.849,0.6,target,期待値上位2頭軸→複勝上位5流し,venue,川崎
16.0,0.25,0.71,0.386,0.0,,,16.0,0.71,0.25,target,期待値上位2頭軸→複勝上位5流し,venue,水沢
20.0,0.15,0.449,0.07,14.0,0.631,0.143,6.0,0.08,0.167,target,期待値上位2頭軸→複勝上位5流し,venue,浦和
26.0,0.308,1.172,0.52,26.0,1.172,0.308,0.0,,,target,期待値上位2頭軸→複勝上位5流し,venue,盛岡
34.0,0.412,0.808,0.548,22.0,0.651,0.409,12.0,1.109,0.417,target,期待値上位2頭軸→複勝上位5流し,venue,笠松
20.0,0.2,0.996,0.189,18.0,0.21,0.167,2.0,7.832,0.5,target,期待値上位2頭軸→複勝上位5流し,venue,船橋
34.0,0.353,0.822,0.316,24.0,1.077,0.375,10.0,0.244,0.3,target,期待値上位2頭軸→複勝上位5流し,venue,金沢
59.0,0.237,0.366,0.231,37.0,0.231,0.243,22.0,0.597,0.227,target,期待値上位2頭軸→複勝上位5流し,venue,門別
2.0,0.0,0.0,0.0,0.0,,,2.0,0.0,0.0,target,期待値上位2頭軸→複勝上位5流し,venue,高知
383.0,0.282,0.743,0.697,243.0,0.693,0.263,140.0,0.828,0.314,target,期待値上位2頭軸→複勝上位5流し,total,全体
14.0,0.286,1.732,0.773,7.0,0.697,0.143,7.0,2.838,0.429,target,Note-Hidden×P2-P4,group,その他
8.0,0.0,0.0,0.0,4.0,0.0,0.0,4.0,0.0,0.0,target,Note-Hidden×P2-P4,group,南関
4.0,0.5,1.4,0.32,3.0,1.44,0.333,1.0,1.28,1.0,target,Note-Hidden×P2-P4,region,北海道・東北
8.0,0.0,0.0,0.0,4.0,0.0,0.0,4.0,0.0,0.0,target,Note-Hidden×P2-P4,region,南関東
5.0,0.0,0.0,0.0,3.0,0.0,0.0,2.0,0.0,0.0,target,Note-Hidden×P2-P4,region,東海・北陸
5.0,0.4,3.614,0.876,1.0,0.0,0.0,4.0,4.744,0.5,target,Note-Hidden×P2-P4,region,西日本
1.0,0.0,0.0,0.0,1.0,0.0,0.0,0.0,,,target,Note-Hidden×P2-P4,venue,名古屋
5.0,0.4,3.614,0.876,1.0,0.0,0.0,4.0,4.744,0.5,target,Note-Hidden×P2-P4,venue,園田
2.0,0.0,0.0,0.0,0.0,,,2.0,0.0,0.0,target,Note-Hidden×P2-P4,venue,大井
3.0,0.0,0.0,0.0,3.0,0.0,0.0,0.0,,,target,Note-Hidden×P2-P4,venue,川崎
2.0,0.0,0.0,0.0,0.0,,,2.0,0.0,0.0,target,Note-Hidden×P2-P4,venue,浦和
2.0,0.0,0.0,0.0,0.0,,,2.0,0.0,0.0,target,Note-Hidden×P2-P4,venue,笠松
1.0,0.0,0.0,0.0,1.0,0.0,0.0,0.0,,,target,Note-Hidden×P2-P4,venue,船橋
2.0,0.0,0.0,0.0,2.0,0.0,0.0,0.0,,,target,Note-Hidden×P2-P4,venue,金沢
4.0,0.5,1.4,0.32,3.0,1.44,0.333,1.0,1.28,1.0,target,Note-Hidden×P2-P4,venue,門別
22.0,0.182,1.105,0.494,11.0,0.441,0.091,11.0,1.829,0.273,target,Note-Hidden×P2-P4,total,全体
1903.0,0.739,0.654,0.648,1159.0,0.636,0.739,744.0,0.681,0.741,all,"T20 (AI上位20点, 予測的中≥55%)",group,その他
438.0,0.705,0.59,0.58,310.0,0.602,0.716,128.0,0.56,0.68,all,"T20 (AI上位20点, 予測的中≥55%)",group,南関
649.0,0.735,0.646,0.635,418.0,0.631,0.706,231.0,0.672,0.788,all,"T20 (AI上位20点, 予測的中≥55%)",region,北海道・東北
438.0,0.705,0.59,0.58,310.0,0.602,0.716,128.0,0.56,0.68,all,"T20 (AI上位20点, 予測的中≥55%)",region,南関東
597.0,0.735,0.655,0.637,362.0,0.667,0.762,235.0,0.638,0.694,all,"T20 (AI上位20点, 予測的中≥55%)",region,東海・北陸
657.0,0.747,0.66,0.646,379.0,0.612,0.752,278.0,0.725,0.741,all,"T20 (AI上位20点, 予測的中≥55%)",region,西日本
165.0,0.685,0.536,0.512,88.0,0.473,0.67,77.0,0.61,0.701,all,"T20 (AI上位20点, 予測的中≥55%)",venue,佐賀
182.0,0.665,0.667,0.629,91.0,0.738,0.648,91.0,0.597,0.681,all,"T20 (AI上位20点, 予測的中≥55%)",venue,名古屋
337.0,0.769,0.691,0.664,228.0,0.628,0.776,109.0,0.823,0.752,all,"T20 (AI上位20点, 予測的中≥55%)",venue,園田
116.0,0.759,0.58,0.542,61.0,0.562,0.787,55.0,0.6,0.727,all,"T20 (AI上位20点, 予測的中≥55%)",venue,大井
132.0,0.682,0.511,0.488,89.0,0.565,0.708,43.0,0.395,0.628,all,"T20 (AI上位20点, 予測的中≥55%)",venue,川崎
121.0,0.777,0.577,0.53,0.0,,,121.0,0.577,0.777,all,"T20 (AI上位20点, 予測的中≥55%)",venue,水沢
95.0,0.6,0.655,0.615,73.0,0.635,0.575,22.0,0.72,0.682,all,"T20 (AI上位20点, 予測的中≥55%)",venue,浦和
215.0,0.647,0.666,0.634,215.0,0.666,0.647,0.0,,,all,"T20 (AI上位20点, 予測的中≥55%)",venue,盛岡
197.0,0.751,0.682,0.647,126.0,0.657,0.794,71.0,0.726,0.676,all,"T20 (AI上位20点, 予測的中≥55%)",venue,笠松
95.0,0.779,0.647,0.611,87.0,0.64,0.793,8.0,0.721,0.625,all,"T20 (AI上位20点, 予測的中≥55%)",venue,船橋
218.0,0.78,0.622,0.571,145.0,0.632,0.807,73.0,0.603,0.726,all,"T20 (AI上位20点, 予測的中≥55%)",venue,金沢
313.0,0.78,0.659,0.635,203.0,0.594,0.768,110.0,0.78,0.8,all,"T20 (AI上位20点, 予測的中≥55%)",venue,門別
155.0,0.768,0.723,0.669,63.0,0.75,0.778,92.0,0.704,0.761,all,"T20 (AI上位20点, 予測的中≥55%)",venue,高知
2341.0,0.733,0.642,0.637,1469.0,0.629,0.734,872.0,0.663,0.732,all,"T20 (AI上位20点, 予測的中≥55%)",total,全体
2108.0,0.713,0.642,0.637,1275.0,0.627,0.712,833.0,0.666,0.714,all,AI上位20点 (絞り込みなし),group,その他
636.0,0.631,0.627,0.615,432.0,0.636,0.653,204.0,0.607,0.583,all,AI上位20点 (絞り込みなし),group,南関
727.0,0.714,0.635,0.625,464.0,0.631,0.694,263.0,0.642,0.749,all,AI上位20点 (絞り込みなし),region,北海道・東北
636.0,0.631,0.627,0.615,432.0,0.636,0.653,204.0,0.607,0.583,all,AI上位20点 (絞り込みなし),region,南関東
665.0,0.696,0.639,0.623,407.0,0.651,0.715,258.0,0.621,0.667,all,AI上位20点 (絞り込みなし),region,東海・北陸
716.0,0.728,0.652,0.64,404.0,0.598,0.73,312.0,0.723,0.724,all,AI上位20点 (絞り込みなし),region,西日本
186.0,0.667,0.53,0.509,98.0,0.454,0.643,88.0,0.617,0.693,all,AI上位20点 (絞り込みなし),venue,佐賀
238.0,0.588,0.639,0.61,130.0,0.686,0.554,108.0,0.583,0.63,all,AI上位20点 (絞り込みなし),venue,名古屋
369.0,0.748,0.691,0.666,239.0,0.624,0.762,130.0,0.814,0.723,all,AI上位20点 (絞り込みなし),venue,園田
216.0,0.657,0.671,0.642,120.0,0.739,0.683,96.0,0.586,0.625,all,AI上位20点 (絞り込みなし),venue,大井
168.0,0.613,0.528,0.508,108.0,0.557,0.648,60.0,0.475,0.55,all,AI上位20点 (絞り込みなし),venue,川崎
131.0,0.756,0.565,0.522,0.0,,,131.0,0.565,0.756,all,AI上位20点 (絞り込みなし),venue,水沢
120.0,0.533,0.662,0.598,84.0,0.621,0.536,36.0,0.757,0.528,all,AI上位20点 (絞り込みなし),venue,浦和
237.0,0.641,0.647,0.618,237.0,0.647,0.641,0.0,,,all,AI上位20点 (絞り込みなし),venue,盛岡
197.0,0.751,0.682,0.647,126.0,0.657,0.794,71.0,0.726,0.676,all,AI上位20点 (絞り込みなし),venue,笠松
132.0,0.697,0.65,0.62,120.0,0.616,0.708,12.0,0.981,0.583,all,AI上位20点 (絞り込みなし),venue,船橋
230.0,0.761,0.603,0.554,151.0,0.616,0.788,79.0,0.578,0.709,all,AI上位20点 (絞り込みなし),venue,金沢
359.0,0.747,0.653,0.633,227.0,0.614,0.749,132.0,0.721,0.742,all,AI上位20点 (絞り込みなし),venue,門別
161.0,0.752,0.705,0.653,67.0,0.72,0.746,94.0,0.695,0.755,all,AI上位20点 (絞り込みなし),venue,高知
2744.0,0.694,0.639,0.635,1707.0,0.629,0.697,1037.0,0.654,0.689,all,AI上位20点 (絞り込みなし),total,全体
2108.0,0.65,0.688,0.679,1275.0,0.668,0.658,833.0,0.719,0.639,all,複勝3頭×6頭×6頭,group,その他
636.0,0.566,0.668,0.645,432.0,0.711,0.593,204.0,0.577,0.51,all,複勝3頭×6頭×6頭,group,南関
727.0,0.648,0.608,0.584,464.0,0.673,0.651,263.0,0.494,0.643,all,複勝3頭×6頭×6頭,region,北海道・東北
636.0,0.566,0.668,0.645,432.0,0.711,0.593,204.0,0.577,0.51,all,複勝3頭×6頭×6頭,region,南関東
665.0,0.641,0.698,0.673,407.0,0.697,0.649,258.0,0.699,0.628,all,複勝3頭×6頭×6頭,region,東海・北陸
716.0,0.662,0.761,0.734,404.0,0.634,0.676,312.0,0.925,0.644,all,複勝3頭×6頭×6頭,region,西日本
186.0,0.608,0.847,0.746,98.0,0.413,0.602,88.0,1.334,0.614,all,複勝3頭×6頭×6頭,venue,佐賀
238.0,0.542,0.738,0.693,130.0,0.78,0.492,108.0,0.687,0.602,all,複勝3頭×6頭×6頭,venue,名古屋
369.0,0.675,0.684,0.658,239.0,0.662,0.699,130.0,0.724,0.631,all,複勝3頭×6頭×6頭,venue,園田
216.0,0.565,0.691,0.629,120.0,0.75,0.6,96.0,0.618,0.521,all,複勝3頭×6頭×6頭,venue,大井
168.0,0.583,0.58,0.492,108.0,0.615,0.602,60.0,0.516,0.55,all,複勝3頭×6頭×6頭,venue,川崎
131.0,0.687,0.476,0.431,0.0,,,131.0,0.476,0.687,all,複勝3頭×6頭×6頭,venue,水沢
120.0,0.517,0.837,0.728,84.0,0.899,0.536,36.0,0.694,0.472,all,複勝3頭×6頭×6頭,venue,浦和
237.0,0.612,0.749,0.674,237.0,0.749,0.612,0.0,,,all,複勝3頭×6頭×6頭,venue,盛岡
197.0,0.716,0.651,0.617,126.0,0.682,0.778,71.0,0.596,0.606,all,複勝3頭×6頭×6頭,venue,笠松
132.0,0.591,0.593,0.497,120.0,0.632,0.617,12.0,0.216,0.333,all,複勝3頭×6頭×6頭,venue,船橋
230.0,0.678,0.696,0.625,151.0,0.638,0.675,79.0,0.808,0.684,all,複勝3頭×6頭×6頭,venue,金沢
359.0,0.657,0.563,0.548,227.0,0.592,0.692,132.0,0.512,0.598,all,複勝3頭×6頭×6頭,venue,門別
161.0,0.696,0.837,0.723,67.0,0.861,0.701,94.0,0.82,0.691,all,複勝3頭×6頭×6頭,venue,高知
2744.0,0.631,0.684,0.677,1707.0,0.679,0.641,1037.0,0.691,0.613,all,複勝3頭×6頭×6頭,total,全体
2107.0,0.312,0.677,0.659,1275.0,0.672,0.318,832.0,0.685,0.304,all,期待値上位2→複勝上位2→複勝上位5,group,その他
636.0,0.233,0.801,0.739,432.0,0.709,0.229,204.0,0.994,0.24,all,期待値上位2→複勝上位2→複勝上位5,group,南関
727.0,0.304,0.696,0.661,464.0,0.738,0.304,263.0,0.622,0.304,all,期待値上位2→複勝上位2→複勝上位5,region,北海道・東北
636.0,0.233,0.801,0.739,432.0,0.709,0.229,204.0,0.994,0.24,all,期待値上位2→複勝上位2→複勝上位5,region,南関東
664.0,0.303,0.621,0.573,407.0,0.631,0.314,257.0,0.604,0.284,all,期待値上位2→複勝上位2→複勝上位5,region,東海・北陸
716.0,0.33,0.707,0.653,404.0,0.636,0.337,312.0,0.802,0.321,all,期待値上位2→複勝上位2→複勝上位5,region,西日本
186.0,0.285,0.812,0.609,98.0,0.641,0.276,88.0,1.007,0.295,all,期待値上位2→複勝上位2→複勝上位5,venue,佐賀
238.0,0.189,0.595,0.499,130.0,0.671,0.208,108.0,0.501,0.167,all,期待値上位2→複勝上位2→複勝上位5,venue,名古屋
369.0,0.347,0.632,0.561,239.0,0.633,0.364,130.0,0.631,0.315,all,期待値上位2→複勝上位2→複勝上位5,venue,園田
216.0,0.231,0.645,0.53,120.0,0.78,0.217,96.0,0.478,0.25,all,期待値上位2→複勝上位2→複勝上位5,venue,大井
168.0,0.244,0.977,0.751,108.0,0.676,0.25,60.0,1.529,0.233,all,期待値上位2→複勝上位2→複勝上位5,venue,川崎
131.0,0.351,0.697,0.617,0.0,,,131.0,0.697,0.351,all,期待値上位2→複勝上位2→複勝上位5,venue,水沢
120.0,0.25,1.093,0.756,84.0,1.181,0.262,36.0,0.881,0.222,all,期待値上位2→複勝上位2→複勝上位5,venue,浦和
237.0,0.295,0.816,0.711,237.0,0.816,0.295,0.0,,,all,期待値上位2→複勝上位2→複勝上位5,venue,盛岡
197.0,0.396,0.821,0.763,126.0,0.725,0.365,71.0,0.992,0.451,all,期待値上位2→複勝上位2→複勝上位5,venue,笠松
132.0,0.205,0.571,0.356,120.0,0.328,0.2,12.0,2.815,0.25,all,期待値上位2→複勝上位2→複勝上位5,venue,船橋
229.0,0.341,0.481,0.338,151.0,0.516,0.364,78.0,0.41,0.295,all,期待値上位2→複勝上位2→複勝上位5,venue,金沢
359.0,0.292,0.612,0.568,227.0,0.651,0.313,132.0,0.549,0.258,all,期待値上位2→複勝上位2→複勝上位5,venue,門別
161.0,0.342,0.757,0.554,67.0,0.64,0.328,94.0,0.842,0.351,all,期待値上位2→複勝上位2→複勝上位5,venue,高知
2743.0,0.294,0.708,0.692,1707.0,0.682,0.295,1036.0,0.75,0.292,all,期待値上位2→複勝上位2→複勝上位5,total,全体
2108.0,0.389,0.595,0.58,1275.0,0.574,0.398,833.0,0.627,0.377,all,期待値上位2頭軸→複勝上位5流し,group,その他
636.0,0.294,0.776,0.669,432.0,0.766,0.289,204.0,0.798,0.304,all,期待値上位2頭軸→複勝上位5流し,group,南関
727.0,0.366,0.584,0.54,464.0,0.617,0.375,263.0,0.526,0.35,all,期待値上位2頭軸→複勝上位5流し,region,北海道・東北
636.0,0.294,0.776,0.669,432.0,0.766,0.289,204.0,0.798,0.304,all,期待値上位2頭軸→複勝上位5流し,region,南関東
665.0,0.414,0.607,0.58,407.0,0.598,0.42,258.0,0.621,0.403,all,期待値上位2頭軸→複勝上位5流し,region,東海・北陸
716.0,0.391,0.595,0.563,404.0,0.501,0.401,312.0,0.718,0.378,all,期待値上位2頭軸→複勝上位5流し,region,西日本
186.0,0.344,0.84,0.718,98.0,0.468,0.327,88.0,1.259,0.364,all,期待値上位2頭軸→複勝上位5流し,venue,佐賀
238.0,0.269,0.511,0.454,130.0,0.506,0.254,108.0,0.517,0.287,all,期待値上位2頭軸→複勝上位5流し,venue,名古屋
369.0,0.404,0.489,0.446,239.0,0.52,0.431,130.0,0.432,0.354,all,期待値上位2頭軸→複勝上位5流し,venue,園田
216.0,0.282,0.509,0.437,120.0,0.529,0.25,96.0,0.485,0.323,all,期待値上位2頭軸→複勝上位5流し,venue,大井
168.0,0.304,0.828,0.682,108.0,0.732,0.324,60.0,1.0,0.267,all,期待値上位2頭軸→複勝上位5流し,venue,川崎
131.0,0.397,0.442,0.395,0.0,,,131.0,0.442,0.397,all,期待値上位2頭軸→複勝上位5流し,venue,水沢
120.0,0.317,0.928,0.722,84.0,1.019,0.321,36.0,0.717,0.306,all,期待値上位2頭軸→複勝上位5流し,venue,浦和
237.0,0.376,0.721,0.646,237.0,0.721,0.376,0.0,,,all,期待値上位2頭軸→複勝上位5流し,venue,盛岡
197.0,0.538,0.685,0.638,126.0,0.662,0.548,71.0,0.726,0.521,all,期待値上位2頭軸→複勝上位5流し,venue,笠松
132.0,0.28,1.017,0.49,120.0,0.863,0.275,12.0,2.479,0.333,all,期待値上位2頭軸→複勝上位5流し,venue,船橋
230.0,0.457,0.645,0.567,151.0,0.629,0.457,79.0,0.677,0.456,all,期待値上位2頭軸→複勝上位5流し,venue,金沢
359.0,0.348,0.544,0.452,227.0,0.505,0.374,132.0,0.611,0.303,all,期待値上位2頭軸→複勝上位5流し,venue,門別
161.0,0.416,0.547,0.429,67.0,0.483,0.403,94.0,0.594,0.426,all,期待値上位2頭軸→複勝上位5流し,venue,高知
2744.0,0.367,0.638,0.612,1707.0,0.623,0.37,1037.0,0.662,0.363,all,期待値上位2頭軸→複勝上位5流し,total,全体
164.0,0.177,0.843,0.762,92.0,0.975,0.196,72.0,0.676,0.153,all,Note-Hidden×P2-P4,group,その他
45.0,0.156,0.959,0.585,27.0,0.597,0.148,18.0,1.481,0.167,all,Note-Hidden×P2-P4,group,南関
68.0,0.191,0.781,0.625,39.0,0.798,0.205,29.0,0.759,0.172,all,Note-Hidden×P2-P4,region,北海道・東北
45.0,0.156,0.959,0.585,27.0,0.597,0.148,18.0,1.481,0.167,all,Note-Hidden×P2-P4,region,南関東
38.0,0.158,1.073,0.709,22.0,1.751,0.227,16.0,0.092,0.062,all,Note-Hidden×P2-P4,region,東海・北陸
58.0,0.172,0.773,0.552,31.0,0.665,0.161,27.0,0.898,0.185,all,Note-Hidden×P2-P4,region,西日本
16.0,0.125,0.656,0.221,9.0,0.846,0.111,7.0,0.455,0.143,all,Note-Hidden×P2-P4,venue,佐賀
16.0,0.25,2.176,1.372,13.0,2.487,0.308,3.0,0.0,0.0,all,Note-Hidden×P2-P4,venue,名古屋
29.0,0.172,0.902,0.47,16.0,0.542,0.125,13.0,1.382,0.231,all,Note-Hidden×P2-P4,venue,園田
13.0,0.077,0.549,0.0,6.0,0.0,0.0,7.0,1.01,0.143,all,Note-Hidden×P2-P4,venue,大井
11.0,0.182,1.047,0.463,8.0,1.483,0.25,3.0,0.0,0.0,all,Note-Hidden×P2-P4,venue,川崎
15.0,0.2,0.842,0.428,0.0,,,15.0,0.842,0.2,all,Note-Hidden×P2-P4,venue,水沢
12.0,0.25,1.99,0.467,5.0,0.437,0.2,7.0,3.007,0.286,all,Note-Hidden×P2-P4,venue,浦和
14.0,0.143,0.18,0.063,14.0,0.18,0.143,0.0,,,all,Note-Hidden×P2-P4,venue,盛岡
9.0,0.111,0.232,0.0,3.0,0.718,0.333,6.0,0.0,0.0,all,Note-Hidden×P2-P4,venue,笠松
9.0,0.111,0.177,0.0,8.0,0.203,0.125,1.0,0.0,0.0,all,Note-Hidden×P2-P4,venue,船橋
13.0,0.077,0.113,0.0,6.0,0.0,0.0,7.0,0.182,0.143,all,Note-Hidden×P2-P4,venue,金沢
39.0,0.205,0.965,0.692,25.0,1.139,0.24,14.0,0.669,0.143,all,Note-Hidden×P2-P4,venue,門別
13.0,0.231,0.619,0.366,6.0,0.771,0.333,7.0,0.481,0.143,all,Note-Hidden×P2-P4,venue,高知
209.0,0.172,0.867,0.788,119.0,0.891,0.185,90.0,0.837,0.156,all,Note-Hidden×P2-P4,total,全体
301.0,0.581,0.818,0.802,176.0,0.788,0.597,125.0,0.862,0.56,all(8-9月OOS),馬複R2,group,その他
57.0,0.596,0.727,0.674,42.0,0.751,0.595,15.0,0.66,0.6,all(8-9月OOS),馬複R2,group,南関
78.0,0.513,0.697,0.655,52.0,0.608,0.5,26.0,0.877,0.538,all(8-9月OOS),馬複R2,region,北海道・東北
57.0,0.596,0.727,0.674,42.0,0.751,0.595,15.0,0.66,0.6,all(8-9月OOS),馬複R2,region,南関東
117.0,0.598,0.876,0.834,74.0,0.8,0.581,43.0,1.008,0.628,all(8-9月OOS),馬複R2,region,東海・北陸
106.0,0.613,0.843,0.808,50.0,0.957,0.72,56.0,0.742,0.518,all(8-9月OOS),馬複R2,region,西日本
24.0,0.542,0.808,0.696,12.0,1.062,0.667,12.0,0.554,0.417,all(8-9月OOS),馬複R2,venue,佐賀
14.0,0.714,0.896,0.696,4.0,1.062,0.75,10.0,0.83,0.7,all(8-9月OOS),馬複R2,venue,名古屋
56.0,0.643,0.768,0.704,33.0,0.906,0.727,23.0,0.57,0.522,all(8-9月OOS),馬複R2,venue,園田
11.0,0.727,0.745,0.614,4.0,0.762,0.75,7.0,0.736,0.714,all(8-9月OOS),馬複R2,venue,大井
12.0,0.5,0.683,0.488,6.0,1.033,0.667,6.0,0.333,0.333,all(8-9月OOS),馬複R2,venue,川崎
7.0,0.286,0.614,0.157,0.0,,,7.0,0.614,0.286,all(8-9月OOS),馬複R2,venue,水沢
5.0,0.6,0.74,0.33,3.0,0.317,0.333,2.0,1.375,1.0,all(8-9月OOS),馬複R2,venue,浦和
26.0,0.462,0.567,0.44,26.0,0.567,0.462,0.0,,,all(8-9月OOS),馬複R2,venue,盛岡
49.0,0.51,0.745,0.644,30.0,0.638,0.5,19.0,0.913,0.526,all(8-9月OOS),馬複R2,venue,笠松
29.0,0.586,0.736,0.631,29.0,0.736,0.586,0.0,,,all(8-9月OOS),馬複R2,venue,船橋
54.0,0.648,0.991,0.913,40.0,0.895,0.625,14.0,1.264,0.714,all(8-9月OOS),馬複R2,venue,金沢
45.0,0.578,0.786,0.714,26.0,0.648,0.538,19.0,0.974,0.632,all(8-9月OOS),馬複R2,venue,門別
26.0,0.615,1.038,0.894,5.0,1.04,0.8,21.0,1.038,0.571,all(8-9月OOS),馬複R2,venue,高知
