rule,rid,slot,month,cov,pts,hit,pay
AI_K15_c0.55,20260715_園田_11,MAIN,202607,0.6392085745908231,15,1,360
AI_K15_c0.55,20260715_園田_12,FINAL,202607,0.5739602390842591,15,1,2380
AI_K15_c0.55,20260715_浦和_11,MAIN,202607,0.8156151270317014,15,1,1590
AI_K15_c0.55,20260715_門別_11,MAIN,202607,0.58153474002112,15,1,430
AI_K15_c0.55,20260715_門別_12,FINAL,202607,0.665915028222102,15,1,890
AI_K15_c0.55,20260716_佐賀_09,MAIN,202607,0.7417827267059383,15,1,1140
AI_K15_c0.55,20260716_園田_11,MAIN,202607,0.7469884336108821,15,1,1310
AI_K15_c0.55,20260716_門別_11,MAIN,202607,0.9087075918045091,15,1,220
AI_K15_c0.55,20260716_門別_12,FINAL,202607,0.679330574461498,15,0,0
AI_K15_c0.55,20260717_名古屋_11,MAIN,202607,0.9888197415059198,15,1,410
AI_K15_c0.55,20260717_浦和_11,MAIN,202607,0.5632489766333106,15,0,0
AI_K15_c0.55,20260720_佐賀_09,MAIN,202607,0.5923987783781179,15,0,0
AI_K15_c0.55,20260720_佐賀_10,FINAL,202607,0.5736750444827778,15,1,330
AI_K15_c0.55,20260720_大井_11,MAIN,202607,0.9232436243747107,15,1,1640
AI_K15_c0.55,20260720_笠松_11,MAIN,202607,0.9226059392439603,15,1,410
AI_K15_c0.55,20260720_笠松_12,FINAL,202607,0.6363085704996463,15,1,2920
AI_K15_c0.55,20260720_金沢_09,MAIN,202607,0.5676415463383833,15,1,2720
AI_K15_c0.55,20260720_金沢_10,FINAL,202607,0.5617695380425518,15,1,1060
AI_K15_c0.55,20260721_盛岡_11,MAIN,202607,0.7430434672509802,15,1,450
AI_K15_c0.55,20260721_盛岡_12,FINAL,202607,0.688902833739699,15,1,880
AI_K15_c0.55,20260721_門別_11,MAIN,202607,0.6192417016755112,15,1,550
AI_K15_c0.55,20260721_門別_12,FINAL,202607,0.7550498431334303,15,0,0
AI_K15_c0.55,20260722_大井_12,FINAL,202607,0.6079221095241589,15,1,720
AI_K15_c0.55,20260722_笠松_11,MAIN,202607,0.7586889652242131,15,0,0
AI_K15_c0.55,20260722_笠松_12,FINAL,202607,0.7000690705756637,15,1,3050
AI_K15_c0.55,20260722_門別_12,FINAL,202607,0.7406466442924139,15,1,1520
AI_K15_c0.55,20260723_園田_11,MAIN,202607,0.7932752851583822,15,0,0
AI_K15_c0.55,20260723_大井_11,MAIN,202607,0.6429821298470518,15,1,590
AI_K15_c0.55,20260723_笠松_11,MAIN,202607,0.9284545845284989,15,1,1380
AI_K15_c0.55,20260723_笠松_12,FINAL,202607,0.7265997914143392,15,0,0
AI_K15_c0.55,20260723_門別_12,FINAL,202607,0.6064824838768452,15,1,1400
AI_K15_c0.55,20260724_大井_12,FINAL,202607,0.662180610170152,15,1,800
AI_K15_c0.55,20260724_笠松_11,MAIN,202607,0.8952655522596729,15,1,1660
AI_K15_c0.55,20260724_笠松_12,FINAL,202607,0.5901500529007936,15,0,0
AI_K15_c0.55,20260727_川崎_11,MAIN,202607,0.913496665989497,15,1,6030
AI_K15_c0.55,20260727_川崎_12,FINAL,202607,0.5608795972157137,15,1,2810
AI_K15_c0.55,20260727_盛岡_11,MAIN,202607,0.6089729328168011,15,1,3260
AI_K15_c0.55,20260727_盛岡_12,FINAL,202607,0.7312784987157068,15,1,970
AI_K15_c0.55,20260727_金沢_09,MAIN,202607,0.6177332354373647,15,0,0
AI_K15_c0.55,20260727_金沢_10,FINAL,202607,0.6024673049597162,15,0,0
AI_K15_c0.55,20260728_名古屋_12,FINAL,202607,0.5672050100997543,9,0,0
AI_K15_c0.55,20260728_川崎_12,FINAL,202607,0.8210626325781345,15,1,870
AI_K15_c0.55,20260728_盛岡_11,MAIN,202607,0.7386547757906179,15,0,0
AI_K15_c0.55,20260728_金沢_09,MAIN,202607,0.5664293866162798,15,1,1230
AI_K15_c0.55,20260728_金沢_10,FINAL,202607,0.6066560842552224,15,1,3490
AI_K15_c0.55,20260728_門別_11,MAIN,202607,0.6948670956058178,15,1,2540
AI_K15_c0.55,20260728_門別_12,FINAL,202607,0.7906148167543686,15,1,990
AI_K15_c0.55,20260729_園田_11,MAIN,202607,0.6165572165290855,15,1,1140
AI_K15_c0.55,20260729_園田_12,FINAL,202607,0.5882404378038902,15,0,0
AI_K15_c0.55,20260729_川崎_11,MAIN,202607,0.6569341032312989,15,1,4930
AI_K15_c0.55,20260729_門別_11,MAIN,202607,1.0000000000000004,10,1,210
AI_K15_c0.55,20260729_門別_12,FINAL,202607,0.9254865115003889,15,1,190
AI_K15_c0.55,20260730_名古屋_11,MAIN,202607,0.5692712563547085,15,1,1210
AI_K15_c0.55,20260730_園田_11,MAIN,202607,0.7989840312806544,15,1,1090
AI_K15_c0.55,20260730_川崎_11,MAIN,202607,0.6763912308457745,15,1,530
AI_K15_c0.55,20260730_門別_11,MAIN,202607,0.8800771205444822,15,0,0
AI_K15_c0.55,20260730_門別_12,FINAL,202607,0.9208037395415938,15,1,250
AI_K15_c0.55,20260731_園田_10,MAIN,202607,0.7261016092828853,15,0,0
AI_K15_c0.55,20260731_園田_11,FINAL,202607,0.5793479605241248,15,1,2110
AI_K15_c0.55,20260731_川崎_12,FINAL,202607,0.6440280591921066,15,0,0
AI_K15_c0.55,20260803_盛岡_11,MAIN,202608,0.9189595315637528,15,0,0
AI_K15_c0.55,20260803_盛岡_12,FINAL,202608,0.8755612641542806,15,1,780
AI_K15_c0.55,20260803_船橋_11,MAIN,202608,0.6133129329700946,15,0,0
AI_K15_c0.55,20260803_金沢_09,MAIN,202608,0.5963228921445024,15,1,1350
AI_K15_c0.55,20260803_金沢_10,FINAL,202608,0.7395615882445488,15,1,2690
AI_K15_c0.55,20260804_金沢_10,FINAL,202608,0.668644876304692,15,1,2260
AI_K15_c0.55,20260804_門別_11,MAIN,202608,0.6100040118297501,15,1,470
AI_K15_c0.55,20260804_門別_12,FINAL,202608,0.8235325891651603,15,1,460
AI_K15_c0.55,20260805_園田_11,MAIN,202608,0.5916054870672668,15,0,0
AI_K15_c0.55,20260805_船橋_11,MAIN,202608,0.6374786508851087,15,1,650
AI_K15_c0.55,20260805_門別_11,MAIN,202608,0.6833247851907809,15,1,9240
AI_K15_c0.55,20260806_船橋_12,FINAL,202608,0.5943168402415356,15,0,0
AI_K15_c0.55,20260806_門別_12,FINAL,202608,0.7599971409543852,15,1,2860
AI_K15_c0.55,20260807_園田_11,MAIN,202608,0.7067410246101252,15,1,590
AI_K15_c0.55,20260807_園田_12,FINAL,202608,0.6303976046967709,15,1,1210
AI_K15_c0.55,20260807_浦和_11,MAIN,202608,0.7234935445703536,15,0,0
AI_K15_c0.55,20260810_盛岡_11,MAIN,202608,0.7938671489852958,15,1,2760
AI_K15_c0.55,20260810_金沢_09,MAIN,202608,0.9999999999999999,10,1,130
AI_K15_c0.55,20260810_金沢_10,FINAL,202608,0.7117619926193033,15,1,920
AI_K15_c0.55,20260811_浦和_11,MAIN,202608,0.6479348525710872,15,0,0
AI_K15_c0.55,20260811_盛岡_11,MAIN,202608,0.6750089359059317,15,1,1550
AI_K15_c0.55,20260811_盛岡_12,FINAL,202608,0.6516149396564144,15,1,3340
AI_K15_c0.55,20260811_笠松_10,MAIN,202608,0.6311744442700966,15,1,1920
AI_K15_c0.55,20260811_笠松_11,FINAL,202608,0.818520096339749,15,1,1810
AI_K15_c0.55,20260811_金沢_09,MAIN,202608,0.8331966135962927,15,1,840
AI_K15_c0.55,20260811_金沢_10,FINAL,202608,0.6110813285382855,15,1,1660
AI_K15_c0.55,20260811_門別_11,MAIN,202608,0.6019168006651952,15,1,1860
AI_K15_c0.55,20260811_門別_12,FINAL,202608,0.7362181809805816,15,1,2160
AI_K15_c0.55,20260812_園田_11,MAIN,202608,0.808349780861953,15,1,1080
AI_K15_c0.55,20260812_大井_09,MAIN,202608,0.5798373581361658,15,1,910
AI_K15_c0.55,20260812_浦和_11,MAIN,202608,0.7564188433797695,15,0,0
AI_K15_c0.55,20260812_浦和_12,FINAL,202608,0.6293818173101837,15,1,2310
AI_K15_c0.55,20260812_笠松_10,MAIN,202608,0.8212253599781704,15,1,990
AI_K15_c0.55,20260812_笠松_11,FINAL,202608,0.6632705235703606,15,0,0
AI_K15_c0.55,20260812_門別_11,MAIN,202608,0.9833707141712411,15,1,1790
AI_K15_c0.55,20260812_門別_12,FINAL,202608,0.6789447417645423,15,1,340
AI_K15_c0.55,20260814_大井_09,MAIN,202608,0.9227797076309688,15,1,430
AI_K15_c0.55,20260814_大井_10,FINAL,202608,0.6900377308298371,15,1,740
AI_K15_c0.55,20260814_笠松_11,MAIN,202608,0.7249443763933108,15,0,0
AI_K15_c0.55,20260814_笠松_12,FINAL,202608,0.6402504640725081,15,0,0
AI_K15_c0.55,20260817_大井_09,MAIN,202608,0.7430095167724806,15,1,2850
AI_K15_c0.55,20260817_大井_10,FINAL,202608,0.5800834182999117,15,1,2150
AI_K15_c0.55,20260817_盛岡_12,FINAL,202608,0.8223254967968606,15,1,1560
AI_K15_c0.55,20260817_金沢_09,MAIN,202608,0.7289828884643771,15,0,0
AI_K15_c0.55,20260818_川崎_11,MAIN,202608,0.6974486843386652,15,0,0
AI_K15_c0.55,20260818_川崎_12,FINAL,202608,0.8128702722225813,15,0,0
AI_K15_c0.55,20260818_盛岡_12,FINAL,202608,0.587938878394002,15,1,13710
AI_K15_c0.55,20260818_金沢_10,FINAL,202608,0.6488701307715754,15,1,8550
AI_K15_c0.55,20260818_門別_12,FINAL,202608,0.6438720140507241,15,0,0
AI_K15_c0.55,20260819_園田_11,MAIN,202608,0.7343883824086211,15,1,1050
AI_K15_c0.55,20260819_園田_12,FINAL,202608,0.5696292488799147,15,1,2780
AI_K15_c0.55,20260820_名古屋_11,MAIN,202608,0.6193949969631127,15,1,460
AI_K15_c0.55,20260820_門別_11,MAIN,202608,0.5596077827196537,15,1,620
AI_K15_c0.55,20260820_門別_12,FINAL,202608,0.5899078216342326,15,0,0
AI_K15_c0.55,20260821_名古屋_11,MAIN,202608,0.7288288348281998,15,0,0
AI_K15_c0.55,20260821_園田_11,MAIN,202608,0.8219509890508001,15,1,1100
AI_K15_c0.55,20260821_園田_12,FINAL,202608,0.6124127507810095,15,1,4600
AI_K15_c0.55,20260821_川崎_11,MAIN,202608,0.8484346333755404,15,1,1230
AI_K15_c0.55,20260824_金沢_08,MAIN,202608,0.7898075478443835,15,1,1780
AI_K15_c0.55,20260824_金沢_09,FINAL,202608,0.6507735775022798,15,0,0
AI_K15_c0.55,20260825_笠松_09,MAIN,202608,0.7260347448791258,15,0,0
AI_K15_c0.55,20260825_笠松_10,FINAL,202608,0.716966459863901,15,0,0
AI_K15_c0.55,20260825_金沢_09,MAIN,202608,0.693529023685198,15,1,360
AI_K15_c0.55,20260825_門別_11,MAIN,202608,0.8278054098562235,15,1,250
AI_K15_c0.55,20260825_門別_12,FINAL,202608,0.5582875689499781,15,1,350
AI_K15_c0.55,20260826_園田_11,MAIN,202608,0.8021208933988837,15,1,430
AI_K15_c0.55,20260826_笠松_09,MAIN,202608,0.8192702928997707,15,0,0
AI_K15_c0.55,20260826_笠松_10,FINAL,202608,0.9157046756481477,15,0,0
AI_K15_c0.55,20260826_船橋_12,FINAL,202608,0.5975961523694027,15,1,3380
AI_K15_c0.55,20260826_門別_12,FINAL,202608,0.9999999999999996,10,1,110
AI_K15_c0.55,20260827_園田_11,MAIN,202608,0.6077365936589401,15,1,200
AI_K15_c0.55,20260827_園田_12,FINAL,202608,0.6113610484979567,15,1,1510
AI_K15_c0.55,20260827_笠松_11,MAIN,202608,0.9373998554059696,15,1,520
AI_K15_c0.55,20260827_笠松_12,FINAL,202608,0.7339088148000757,15,0,0
AI_K15_c0.55,20260827_船橋_11,MAIN,202608,0.6575175504850213,15,1,1310
AI_K15_c0.55,20260827_門別_11,MAIN,202608,0.5620570167380972,15,1,1880
AI_K15_c0.55,20260827_門別_12,FINAL,202608,0.654186758291883,15,1,660
AI_K15_c0.55,20260828_笠松_11,MAIN,202608,0.7433195463136835,15,0,0
AI_K15_c0.55,20260828_笠松_12,FINAL,202608,0.7164010769946755,15,1,400
AI_K15_c0.55,20260831_盛岡_11,MAIN,202608,0.793812429858572,15,0,0
AI_K15_c0.55,20260831_盛岡_12,FINAL,202608,0.7000246410588389,15,1,690
AI_K15_c0.55,20260831_金沢_11,MAIN,202608,0.9148237916916951,15,1,710
AI_K15_c0.55,20260831_金沢_12,FINAL,202608,0.6256705074637114,15,0,0
AI_K15_c0.55,20260902_名古屋_11,MAIN,202609,0.6421826306687383,15,0,0
AI_K15_c0.55,20260902_園田_11,MAIN,202609,0.6019690145281731,15,1,240
AI_K15_c0.55,20260902_門別_11,MAIN,202609,0.7164767634639146,15,1,1390
AI_K15_c0.55,20260902_門別_12,FINAL,202609,0.7008019315168829,11,1,640
AI_K15_c0.55,20260903_佐賀_11,MAIN,202609,0.6994019697900833,15,1,520
AI_K15_c0.55,20260903_佐賀_12,FINAL,202609,0.6101556742358519,15,0,0
AI_K15_c0.55,20260903_大井_11,MAIN,202609,0.7336436730622649,15,1,630
AI_K15_c0.55,20260903_大井_12,FINAL,202609,0.6124890284295144,15,0,0
AI_K15_c0.55,20260903_門別_12,FINAL,202609,0.5684077291974241,15,0,0
AI_K15_c0.55,20260904_名古屋_11,MAIN,202609,0.5859799889014687,15,1,1230
AI_K15_c0.55,20260904_園田_12,FINAL,202609,0.6248038653522492,15,0,0
AI_K15_c0.55,20260907_名古屋_11,MAIN,202609,0.7868608819482565,15,1,1010
AI_K15_c0.55,20260907_川崎_11,MAIN,202609,0.5565288685563144,15,0,0
AI_K15_c0.55,20260908_川崎_11,MAIN,202609,0.5916228785347736,15,1,920
AI_K15_c0.55,20260908_水沢_11,MAIN,202609,0.8282131981647843,15,1,670
AI_K15_c0.55,20260908_水沢_12,FINAL,202609,0.7149475405491088,15,1,920
AI_K15_c0.55,20260908_金沢_12,FINAL,202609,0.9032950454483258,15,1,2090
AI_K15_c0.55,20260909_園田_09,MAIN,202609,0.6931533083814635,15,1,1140
AI_K15_c0.55,20260909_笠松_09,MAIN,202609,0.5808741845822135,15,1,4450
AI_K15_c0.55,20260909_笠松_10,FINAL,202609,0.7223222681192941,15,0,0
AI_K15_c0.55,20260909_門別_12,FINAL,202609,0.9999999999999999,10,1,260
AI_K15_c0.55,20260910_園田_11,MAIN,202609,0.6339197874769541,15,1,210
AI_K15_c0.55,20260910_園田_12,FINAL,202609,0.6557380307041236,15,1,1290
AI_K15_c0.55,20260910_川崎_11,MAIN,202609,0.6028038934150944,15,1,1910
AI_K15_c0.55,20260910_笠松_10,MAIN,202609,0.7798264888299574,15,0,0
AI_K15_c0.55,20260910_笠松_11,FINAL,202609,0.9094142000524135,15,1,2320
AI_K15_c0.55,20260910_門別_11,MAIN,202609,0.9282315605728191,15,1,5670
AI_K15_c0.55,20260910_門別_12,FINAL,202609,0.6152234042351825,15,0,0
AI_K15_c0.55,20260911_園田_11,MAIN,202609,0.7344299783726224,15,1,2070
AI_K15_c0.55,20260911_笠松_10,MAIN,202609,0.8006249685978578,15,1,2890
AI_K15_c0.55,20260911_笠松_11,FINAL,202609,0.7214310903258089,15,1,900
AI_K15_c0.55,20260914_水沢_11,MAIN,202609,0.6529192032030996,15,0,0
AI_K15_c0.55,20260915_水沢_12,FINAL,202609,0.692906180982601,15,1,790
AI_K15_c0.55,20260915_金沢_11,MAIN,202609,0.5940584516284069,15,1,530
AI_K15_c0.55,20260915_金沢_12,FINAL,202609,0.699995826095731,15,1,820
AI_K15_c0.55,20260915_門別_11,MAIN,202609,0.8127945328903214,15,0,0
AI_K15_c0.55,20260915_門別_12,FINAL,202609,0.6024649217021121,15,1,14380
AI_K15_c0.55,20260916_名古屋_11,MAIN,202609,0.6186235734761539,15,1,730
AI_K15_c0.55,20260916_名古屋_12,FINAL,202609,0.5871443436800753,15,0,0
AI_K15_c0.55,20260916_園田_12,FINAL,202609,0.5523986401815747,15,0,0
AI_K15_c0.55,20260916_大井_11,MAIN,202609,0.5950743302353872,15,1,720
AI_K15_c0.55,20260916_門別_11,MAIN,202609,0.797722809546931,15,0,0
AI_K15_c0.55,20260917_園田_11,MAIN,202609,0.6520536500211026,15,1,330
AI_K15_c0.55,20260917_大井_12,FINAL,202609,0.6365554847994902,15,0,0
AI_K15_c0.55,20260917_門別_11,MAIN,202609,0.8127164972323756,15,0,0
AI_K15_c0.55,20260918_名古屋_11,MAIN,202609,0.554013815330762,15,1,1580
AI_K15_c0.55,20260918_名古屋_12,FINAL,202609,0.5636077738380962,15,1,3160
AI_K15_c0.55,20260918_園田_11,MAIN,202609,0.6465071620033246,13,1,490
AI_K15_c0.55,20260918_大井_12,FINAL,202609,0.6023691101148511,15,0,0
AI_K15_c0.55,20260921_佐賀_08,MAIN,202609,0.5522879376012845,13,1,1230
AI_K15_c0.55,20260921_金沢_09,MAIN,202609,0.6162525870368615,15,1,1210
AI_K15_c0.55,20260921_金沢_10,FINAL,202609,0.9332741011435487,15,1,220
AI_K15_c0.55,20260922_水沢_11,MAIN,202609,0.8083417936249583,15,1,1090
AI_K15_c0.55,20260922_水沢_12,FINAL,202609,0.6536892782523971,15,0,0
AI_K15_c0.55,20260922_浦和_12,FINAL,202609,0.5585297845417357,15,1,1140
AI_K15_c0.55,20260922_笠松_10,MAIN,202609,0.6866818916200386,15,1,1790
AI_K15_c0.55,20260922_笠松_11,FINAL,202609,0.674704548208128,15,0,0
AI_K15_c0.55,20260922_金沢_12,FINAL,202609,0.5821901155984708,15,1,1340
AI_K15_c0.55,20260922_門別_12,FINAL,202609,0.7752655346709987,15,1,460
AI_K15_c0.55,20260923_水沢_11,MAIN,202609,0.6362295504038992,15,1,1540
AI_K15_c0.55,20260923_水沢_12,FINAL,202609,0.6743780584049044,15,0,0
AI_K15_c0.55,20260923_笠松_10,MAIN,202609,0.8172696237728444,15,1,7850
AI_K15_c0.55,20260923_笠松_11,FINAL,202609,0.6300159267347216,15,0,0
AI_K15_c0.55,20260923_門別_11,MAIN,202609,0.8221518168361543,15,1,440
AI_K15_c0.55,20260923_門別_12,FINAL,202609,0.6154311888051635,15,1,160
AI_K15_c0.55,20260924_笠松_10,MAIN,202609,0.6298954699805641,15,1,2010
AI_K15_c0.55,20260924_笠松_11,FINAL,202609,0.6359454505028376,15,0,0
AI_K15_c0.55,20260924_門別_11,MAIN,202609,0.6729215990936396,15,0,0
AI_K15_c0.55,20260924_門別_12,FINAL,202609,0.6020103070036488,15,1,780
AI_K15_c0.55,20260928_船橋_11,MAIN,202609,0.5938694478187043,15,0,0
AI_K15_c0.55,20260928_金沢_10,MAIN,202609,0.6212576427192126,15,1,870
AI_K15_c0.55,20260928_金沢_11,FINAL,202609,0.7511822712606089,15,1,810
AI_K20_c0.55,20260715_名古屋_11,MAIN,202607,0.5758770006495152,20,1,480
AI_K20_c0.55,20260715_名古屋_12,FINAL,202607,0.5760837928129886,20,0,0
AI_K20_c0.55,20260715_園田_11,MAIN,202607,0.7172948495377351,20,1,360
AI_K20_c0.55,20260715_園田_12,FINAL,202607,0.6490240199635496,20,1,2380
AI_K20_c0.55,20260715_浦和_11,MAIN,202607,0.8799669230739288,20,1,1590
AI_K20_c0.55,20260715_浦和_12,FINAL,202607,0.6074053778132675,20,1,560
AI_K20_c0.55,20260715_門別_11,MAIN,202607,0.6714766789109247,20,1,430
AI_K20_c0.55,20260715_門別_12,FINAL,202607,0.7620266724812523,20,1,890
AI_K20_c0.55,20260716_佐賀_09,MAIN,202607,0.8091440588989562,20,1,1140
AI_K20_c0.55,20260716_佐賀_10,FINAL,202607,0.5782581295032412,20,1,1030
AI_K20_c0.55,20260716_園田_11,MAIN,202607,0.8187241447205128,20,1,1310
AI_K20_c0.55,20260716_園田_12,FINAL,202607,0.5896651129264935,20,1,710
AI_K20_c0.55,20260716_浦和_12,FINAL,202607,0.5600152847276034,20,0,0
AI_K20_c0.55,20260716_門別_11,MAIN,202607,0.9635585812798617,20,1,220
AI_K20_c0.55,20260716_門別_12,FINAL,202607,0.7576797184891793,20,0,0
AI_K20_c0.55,20260717_名古屋_11,MAIN,202607,1.0,20,1,410
AI_K20_c0.55,20260717_名古屋_12,FINAL,202607,0.5615722853549429,20,0,0
AI_K20_c0.55,20260717_園田_12,FINAL,202607,0.5836569729749468,18,0,0
AI_K20_c0.55,20260717_浦和_11,MAIN,202607,0.639327208060654,20,0,0
AI_K20_c0.55,20260717_浦和_12,FINAL,202607,0.5670756172068387,20,1,1000
AI_K20_c0.55,20260720_佐賀_09,MAIN,202607,0.6658394333920576,20,0,0
AI_K20_c0.55,20260720_佐賀_10,FINAL,202607,0.6334557736494036,20,1,330
AI_K20_c0.55,20260720_大井_11,MAIN,202607,0.9665012420248964,20,1,1640
AI_K20_c0.55,20260720_笠松_11,MAIN,202607,0.9664171466266018,20,1,410
AI_K20_c0.55,20260720_笠松_12,FINAL,202607,0.7086989621739872,20,1,2920
AI_K20_c0.55,20260720_金沢_09,MAIN,202607,0.6391023257506961,20,1,2720
AI_K20_c0.55,20260720_金沢_10,FINAL,202607,0.6404520501482366,20,1,1060
AI_K20_c0.55,20260721_盛岡_11,MAIN,202607,0.812256674633615,20,1,450
AI_K20_c0.55,20260721_盛岡_12,FINAL,202607,0.7713722224091962,20,1,880
AI_K20_c0.55,20260721_門別_11,MAIN,202607,0.7040593424186987,20,1,550
AI_K20_c0.55,20260721_門別_12,FINAL,202607,0.8410609819976471,20,0,0
AI_K20_c0.55,20260722_園田_11,MAIN,202607,0.5871041436138127,20,1,3460
AI_K20_c0.55,20260722_園田_12,FINAL,202607,0.5513769272964099,20,1,13530
AI_K20_c0.55,20260722_大井_12,FINAL,202607,0.6754701177232768,20,1,720
AI_K20_c0.55,20260722_笠松_11,MAIN,202607,0.847764279501126,20,0,0
AI_K20_c0.55,20260722_笠松_12,FINAL,202607,0.7810066282986691,20,1,3050
AI_K20_c0.55,20260722_門別_11,MAIN,202607,0.561400598962434,20,1,770
AI_K20_c0.55,20260722_門別_12,FINAL,202607,0.8095706939222536,20,1,1520
AI_K20_c0.55,20260723_園田_11,MAIN,202607,0.8589362234542075,20,0,0
AI_K20_c0.55,20260723_園田_12,FINAL,202607,0.5898236548911633,20,0,0
AI_K20_c0.55,20260723_大井_11,MAIN,202607,0.7169823758611023,20,1,590
AI_K20_c0.55,20260723_大井_12,FINAL,202607,0.594863528300735,20,1,1720
AI_K20_c0.55,20260723_笠松_11,MAIN,202607,0.9652498162975311,20,1,1380
AI_K20_c0.55,20260723_笠松_12,FINAL,202607,0.7957045296030527,20,0,0
AI_K20_c0.55,20260723_門別_12,FINAL,202607,0.6778974164560795,20,1,1400
AI_K20_c0.55,20260724_園田_11,MAIN,202607,0.5717934379052887,20,1,1720
AI_K20_c0.55,20260724_園田_12,FINAL,202607,0.5735028738734975,20,0,0
AI_K20_c0.55,20260724_大井_12,FINAL,202607,0.7627491671362614,20,1,800
AI_K20_c0.55,20260724_笠松_11,MAIN,202607,0.9626393530578421,20,1,1660
AI_K20_c0.55,20260724_笠松_12,FINAL,202607,0.6763669645371133,20,1,13300
AI_K20_c0.55,20260727_川崎_11,MAIN,202607,0.9605130673721202,20,1,6030
AI_K20_c0.55,20260727_川崎_12,FINAL,202607,0.6387994870364048,20,1,2810
AI_K20_c0.55,20260727_盛岡_11,MAIN,202607,0.6879795131384985,20,1,3260
AI_K20_c0.55,20260727_盛岡_12,FINAL,202607,0.8043174647947006,20,1,970
AI_K20_c0.55,20260727_金沢_09,MAIN,202607,0.7006132794362101,20,1,4380
AI_K20_c0.55,20260727_金沢_10,FINAL,202607,0.6902139081531875,20,0,0
AI_K20_c0.55,20260728_名古屋_12,FINAL,202607,0.6284324116688491,11,0,0
AI_K20_c0.55,20260728_川崎_12,FINAL,202607,0.8849503635525573,20,1,870
AI_K20_c0.55,20260728_盛岡_11,MAIN,202607,0.8122829596070782,20,0,0
AI_K20_c0.55,20260728_金沢_09,MAIN,202607,0.6410318478342086,20,1,1230
AI_K20_c0.55,20260728_金沢_10,FINAL,202607,0.6814210173212493,20,1,3490
AI_K20_c0.55,20260728_門別_11,MAIN,202607,0.7551368993143799,20,1,2540
AI_K20_c0.55,20260728_門別_12,FINAL,202607,0.8548814184593853,20,1,990
AI_K20_c0.55,20260729_名古屋_12,FINAL,202607,0.590712022851248,20,0,0
AI_K20_c0.55,20260729_園田_11,MAIN,202607,0.6991349952205121,20,1,1140
AI_K20_c0.55,20260729_園田_12,FINAL,202607,0.6572823397851131,20,0,0
AI_K20_c0.55,20260729_川崎_11,MAIN,202607,0.7298727186450552,20,1,4930
AI_K20_c0.55,20260729_門別_11,MAIN,202607,1.0000000000000004,10,1,210
AI_K20_c0.55,20260729_門別_12,FINAL,202607,0.9671306651734318,20,1,190
AI_K20_c0.55,20260730_名古屋_11,MAIN,202607,0.6519105750314141,20,1,1210
AI_K20_c0.55,20260730_名古屋_12,FINAL,202607,0.5700784941747029,20,0,0
AI_K20_c0.55,20260730_園田_11,MAIN,202607,0.869080494169015,20,1,1090
AI_K20_c0.55,20260730_園田_12,FINAL,202607,0.5536462724203134,20,0,0
AI_K20_c0.55,20260730_川崎_11,MAIN,202607,0.7663387811397467,20,1,530
AI_K20_c0.55,20260730_川崎_12,FINAL,202607,0.5937055399396315,20,1,2390
AI_K20_c0.55,20260730_門別_11,MAIN,202607,0.9322824902741977,20,0,0
AI_K20_c0.55,20260730_門別_12,FINAL,202607,0.9670959812119184,20,1,250
AI_K20_c0.55,20260731_名古屋_11,MAIN,202607,0.630382213595779,20,1,2460
AI_K20_c0.55,20260731_園田_10,MAIN,202607,0.7973199624130699,20,0,0
AI_K20_c0.55,20260731_園田_11,FINAL,202607,0.6546479932388808,20,1,2110
AI_K20_c0.55,20260731_川崎_12,FINAL,202607,0.726887204865197,20,0,0
AI_K20_c0.55,20260803_盛岡_11,MAIN,202608,0.9646167639767801,20,1,7520
AI_K20_c0.55,20260803_盛岡_12,FINAL,202608,0.9338759088474586,20,1,780
AI_K20_c0.55,20260803_船橋_11,MAIN,202608,0.6933298310486821,20,0,0
AI_K20_c0.55,20260803_金沢_09,MAIN,202608,0.681354825226777,20,1,1350
AI_K20_c0.55,20260803_金沢_10,FINAL,202608,0.8093801096669786,20,1,2690
AI_K20_c0.55,20260804_盛岡_11,MAIN,202608,0.595563362022723,20,0,0
AI_K20_c0.55,20260804_金沢_10,FINAL,202608,0.7405570498255349,20,1,2260
AI_K20_c0.55,20260804_門別_11,MAIN,202608,0.692552635300062,20,1,470
AI_K20_c0.55,20260804_門別_12,FINAL,202608,0.8943023772282729,20,1,460
AI_K20_c0.55,20260805_園田_11,MAIN,202608,0.6699096696630158,20,0,0
AI_K20_c0.55,20260805_園田_12,FINAL,202608,0.5674730619694793,20,1,760
AI_K20_c0.55,20260805_船橋_11,MAIN,202608,0.7148758386551977,20,1,650
AI_K20_c0.55,20260805_船橋_12,FINAL,202608,0.5797370931458513,20,0,0
AI_K20_c0.55,20260805_門別_11,MAIN,202608,0.7517226850470786,20,1,9240
AI_K20_c0.55,20260806_園田_11,MAIN,202608,0.6134016952819732,20,1,2720
AI_K20_c0.55,20260806_園田_12,FINAL,202608,0.5826130945838813,20,0,0
AI_K20_c0.55,20260806_船橋_12,FINAL,202608,0.6928209388109343,20,1,4290
AI_K20_c0.55,20260806_門別_11,MAIN,202608,0.5812014291862068,20,1,800
AI_K20_c0.55,20260806_門別_12,FINAL,202608,0.820524532093113,20,1,2860
AI_K20_c0.55,20260807_園田_11,MAIN,202608,0.7878072356703227,20,1,590
AI_K20_c0.55,20260807_園田_12,FINAL,202608,0.7103039601445942,20,1,1210
AI_K20_c0.55,20260807_浦和_11,MAIN,202608,0.7925223595713463,20,0,0
AI_K20_c0.55,20260807_浦和_12,FINAL,202608,0.5881541333938671,15,0,0
AI_K20_c0.55,20260810_浦和_12,FINAL,202608,0.568841001586573,17,0,0
AI_K20_c0.55,20260810_盛岡_11,MAIN,202608,0.8652882091473598,20,1,2760
AI_K20_c0.55,20260810_盛岡_12,FINAL,202608,0.5809906728955647,20,0,0
AI_K20_c0.55,20260810_金沢_09,MAIN,202608,0.9999999999999999,10,1,130
AI_K20_c0.55,20260810_金沢_10,FINAL,202608,0.7947949101351002,20,1,920
AI_K20_c0.55,20260811_浦和_11,MAIN,202608,0.7246579486918948,20,0,0
AI_K20_c0.55,20260811_盛岡_11,MAIN,202608,0.7398833999610936,20,1,1550
AI_K20_c0.55,20260811_盛岡_12,FINAL,202608,0.7275820695090504,20,1,3340
AI_K20_c0.55,20260811_笠松_10,MAIN,202608,0.7123928785393056,20,1,1920
AI_K20_c0.55,20260811_笠松_11,FINAL,202608,0.8799116744305655,20,1,1810
AI_K20_c0.55,20260811_金沢_09,MAIN,202608,0.888329873940374,20,1,840
AI_K20_c0.55,20260811_金沢_10,FINAL,202608,0.7084769760368266,20,1,1660
AI_K20_c0.55,20260811_門別_11,MAIN,202608,0.7069896388124209,20,1,1860
AI_K20_c0.55,20260811_門別_12,FINAL,202608,0.8072494409918999,20,1,2160
AI_K20_c0.55,20260812_園田_11,MAIN,202608,0.876597865760455,20,1,1080
AI_K20_c0.55,20260812_大井_09,MAIN,202608,0.6565354256162469,20,1,910
AI_K20_c0.55,20260812_浦和_11,MAIN,202608,0.8160295424940516,20,0,0
AI_K20_c0.55,20260812_浦和_12,FINAL,202608,0.7065096939191079,20,1,2310
AI_K20_c0.55,20260812_笠松_10,MAIN,202608,0.8891544009478766,20,1,990
AI_K20_c0.55,20260812_笠松_11,FINAL,202608,0.7372077915519816,20,0,0
AI_K20_c0.55,20260812_門別_11,MAIN,202608,1.0,20,1,1790
AI_K20_c0.55,20260812_門別_12,FINAL,202608,0.7492136305566013,20,1,340
AI_K20_c0.55,20260814_園田_11,MAIN,202608,0.558052432473714,20,1,1490
AI_K20_c0.55,20260814_園田_12,FINAL,202608,0.5833035528075301,20,1,3300
AI_K20_c0.55,20260814_大井_09,MAIN,202608,0.9647367395260149,20,1,430
AI_K20_c0.55,20260814_大井_10,FINAL,202608,0.7738402473077658,20,1,740
AI_K20_c0.55,20260814_笠松_11,MAIN,202608,0.8009126323466637,20,0,0
AI_K20_c0.55,20260814_笠松_12,FINAL,202608,0.7114615453526328,20,0,0
AI_K20_c0.55,20260817_大井_09,MAIN,202608,0.8143756584434201,20,1,2850
AI_K20_c0.55,20260817_大井_10,FINAL,202608,0.636108635920061,20,1,2150
AI_K20_c0.55,20260817_盛岡_11,MAIN,202608,0.5552844634102349,20,0,0
AI_K20_c0.55,20260817_盛岡_12,FINAL,202608,0.8855661171332968,20,1,1560
AI_K20_c0.55,20260817_金沢_09,MAIN,202608,0.8076166973246006,20,0,0
AI_K20_c0.55,20260818_川崎_11,MAIN,202608,0.7785348337799742,20,0,0
AI_K20_c0.55,20260818_川崎_12,FINAL,202608,0.8729671978425242,20,0,0
AI_K20_c0.55,20260818_盛岡_12,FINAL,202608,0.6512346403272999,20,1,13710
AI_K20_c0.55,20260818_金沢_10,FINAL,202608,0.7272313858925488,20,1,8550
AI_K20_c0.55,20260818_門別_12,FINAL,202608,0.7031471228158527,20,0,0
AI_K20_c0.55,20260819_園田_11,MAIN,202608,0.8111131395104507,20,1,1050
AI_K20_c0.55,20260819_園田_12,FINAL,202608,0.6657681943745297,20,1,2780
AI_K20_c0.55,20260819_門別_11,MAIN,202608,0.6327174619392374,20,0,0
AI_K20_c0.55,20260820_名古屋_11,MAIN,202608,0.689816458664953,20,1,460
AI_K20_c0.55,20260820_名古屋_12,FINAL,202608,0.5588063783850801,20,0,0
AI_K20_c0.55,20260820_園田_12,FINAL,202608,0.5837107673425788,20,1,3400
AI_K20_c0.55,20260820_門別_11,MAIN,202608,0.6372349791242259,20,1,620
AI_K20_c0.55,20260820_門別_12,FINAL,202608,0.6673802001639237,20,0,0
AI_K20_c0.55,20260821_名古屋_11,MAIN,202608,0.8119847378483831,20,1,2890
AI_K20_c0.55,20260821_名古屋_12,FINAL,202608,0.6041192757986288,20,0,0
AI_K20_c0.55,20260821_園田_11,MAIN,202608,0.8907357737585017,20,1,1100
AI_K20_c0.55,20260821_園田_12,FINAL,202608,0.6908798648812021,20,1,4600
AI_K20_c0.55,20260821_川崎_11,MAIN,202608,0.9074132569560718,20,1,1230
AI_K20_c0.55,20260821_川崎_12,FINAL,202608,0.5711945991827874,20,1,3760
AI_K20_c0.55,20260824_盛岡_11,MAIN,202608,0.5780159707704314,20,0,0
AI_K20_c0.55,20260824_盛岡_12,FINAL,202608,0.5791800132659456,20,1,3200
AI_K20_c0.55,20260824_金沢_08,MAIN,202608,0.8590203145039886,20,1,1780
AI_K20_c0.55,20260824_金沢_09,FINAL,202608,0.7296338116348662,20,0,0
AI_K20_c0.55,20260825_盛岡_11,MAIN,202608,0.5604292437331468,20,1,2820
AI_K20_c0.55,20260825_笠松_09,MAIN,202608,0.8048339775260637,20,0,0
AI_K20_c0.55,20260825_笠松_10,FINAL,202608,0.7924382701775369,20,0,0
AI_K20_c0.55,20260825_金沢_09,MAIN,202608,0.7602293576710136,20,1,360
AI_K20_c0.55,20260825_門別_11,MAIN,202608,0.8950932762244073,20,1,250
AI_K20_c0.55,20260825_門別_12,FINAL,202608,0.6306539994475163,20,1,350
AI_K20_c0.55,20260826_園田_11,MAIN,202608,0.8765414184154453,20,1,430
AI_K20_c0.55,20260826_園田_12,FINAL,202608,0.5560996857239351,20,1,1240
AI_K20_c0.55,20260826_笠松_09,MAIN,202608,0.8826848056668941,20,0,0
AI_K20_c0.55,20260826_笠松_10,FINAL,202608,0.959210275771004,20,0,0
AI_K20_c0.55,20260826_船橋_12,FINAL,202608,0.6679141340755196,20,1,3380
AI_K20_c0.55,20260826_門別_11,MAIN,202608,0.5601474918296909,20,1,390
AI_K20_c0.55,20260826_門別_12,FINAL,202608,0.9999999999999996,10,1,110
AI_K20_c0.55,20260827_園田_11,MAIN,202608,0.6585379221374023,20,1,200
AI_K20_c0.55,20260827_園田_12,FINAL,202608,0.6944708696161661,20,1,1510
AI_K20_c0.55,20260827_笠松_11,MAIN,202608,0.9740681357312555,20,1,520
AI_K20_c0.55,20260827_笠松_12,FINAL,202608,0.8216126638413724,20,0,0
AI_K20_c0.55,20260827_船橋_11,MAIN,202608,0.7277249160765203,20,1,1310
AI_K20_c0.55,20260827_門別_11,MAIN,202608,0.660076394696451,20,1,1880
AI_K20_c0.55,20260827_門別_12,FINAL,202608,0.7488086083776021,20,1,660
AI_K20_c0.55,20260828_園田_11,MAIN,202608,0.6218902396333017,20,1,570
AI_K20_c0.55,20260828_笠松_11,MAIN,202608,0.8116726038173737,20,0,0
AI_K20_c0.55,20260828_笠松_12,FINAL,202608,0.796657205362703,20,1,400
AI_K20_c0.55,20260831_盛岡_11,MAIN,202608,0.8738461807794992,20,0,0
AI_K20_c0.55,20260831_盛岡_12,FINAL,202608,0.782725075598513,20,1,690
AI_K20_c0.55,20260831_金沢_11,MAIN,202608,0.9634360305346644,20,1,710
AI_K20_c0.55,20260831_金沢_12,FINAL,202608,0.6911987204377831,20,0,0
AI_K20_c0.55,20260902_名古屋_11,MAIN,202609,0.7245332195847042,20,0,0
AI_K20_c0.55,20260902_園田_11,MAIN,202609,0.6753880082472541,20,1,240
AI_K20_c0.55,20260902_大井_12,FINAL,202609,0.5712406130525515,20,1,1890
AI_K20_c0.55,20260902_門別_11,MAIN,202609,0.7865673919867023,20,1,1390
AI_K20_c0.55,20260902_門別_12,FINAL,202609,0.7865498143563594,14,1,640
AI_K20_c0.55,20260903_佐賀_11,MAIN,202609,0.7905842889624827,20,1,520
AI_K20_c0.55,20260903_佐賀_12,FINAL,202609,0.6840260318918798,20,0,0
AI_K20_c0.55,20260903_名古屋_12,FINAL,202609,0.5765172797100186,20,1,5090
AI_K20_c0.55,20260903_園田_12,FINAL,202609,0.5771980533939917,20,0,0
AI_K20_c0.55,20260903_大井_11,MAIN,202609,0.8048782723369228,20,1,630
AI_K20_c0.55,20260903_大井_12,FINAL,202609,0.698099792242324,20,1,3500
AI_K20_c0.55,20260903_門別_12,FINAL,202609,0.6711665713672407,20,0,0
AI_K20_c0.55,20260904_名古屋_11,MAIN,202609,0.6599022548547383,20,1,1230
AI_K20_c0.55,20260904_名古屋_12,FINAL,202609,0.5590291290213362,20,0,0
AI_K20_c0.55,20260904_園田_11,MAIN,202609,0.5814265995972581,20,1,1840
AI_K20_c0.55,20260904_園田_12,FINAL,202609,0.6995551931149191,20,1,8830
AI_K20_c0.55,20260907_名古屋_11,MAIN,202609,0.867471042681114,20,1,1010
AI_K20_c0.55,20260907_川崎_11,MAIN,202609,0.6318901555760875,20,0,0
AI_K20_c0.55,20260907_川崎_12,FINAL,202609,0.5555060650799706,20,1,2620
AI_K20_c0.55,20260907_水沢_11,MAIN,202609,0.5890747889965506,20,1,1670
AI_K20_c0.55,20260908_川崎_11,MAIN,202609,0.6707047951189836,20,1,920
AI_K20_c0.55,20260908_水沢_11,MAIN,202609,0.8839954867329001,20,1,670
AI_K20_c0.55,20260908_水沢_12,FINAL,202609,0.7933996018255657,20,1,920
AI_K20_c0.55,20260908_金沢_12,FINAL,202609,0.9531423092424545,20,1,2090
AI_K20_c0.55,20260908_門別_11,MAIN,202609,0.5812361809764898,20,1,2100
AI_K20_c0.55,20260908_門別_12,FINAL,202609,0.5955688617039474,18,1,2430
AI_K20_c0.55,20260909_園田_09,MAIN,202609,0.7633365992536533,20,1,1140
AI_K20_c0.55,20260909_園田_10,FINAL,202609,0.5847333148416114,20,0,0
AI_K20_c0.55,20260909_笠松_09,MAIN,202609,0.661374483832975,20,1,4450
AI_K20_c0.55,20260909_笠松_10,FINAL,202609,0.8101460780245779,20,0,0
AI_K20_c0.55,20260909_門別_11,MAIN,202609,0.5529143078424593,20,1,3450
AI_K20_c0.55,20260909_門別_12,FINAL,202609,0.9999999999999999,10,1,260
AI_K20_c0.55,20260910_園田_11,MAIN,202609,0.7089820324994901,20,1,210
AI_K20_c0.55,20260910_園田_12,FINAL,202609,0.7218713026267526,20,1,1290
AI_K20_c0.55,20260910_川崎_11,MAIN,202609,0.6637821466533443,20,1,1910
AI_K20_c0.55,20260910_笠松_10,MAIN,202609,0.8635847159350171,20,0,0
AI_K20_c0.55,20260910_笠松_11,FINAL,202609,0.9645927309448807,20,1,2320
AI_K20_c0.55,20260910_門別_11,MAIN,202609,0.9665352294710878,20,1,5670
AI_K20_c0.55,20260910_門別_12,FINAL,202609,0.6909390429828375,20,1,1270
AI_K20_c0.55,20260911_園田_11,MAIN,202609,0.8101105176550976,20,1,2070
AI_K20_c0.55,20260911_川崎_11,MAIN,202609,0.5794495572319169,5,1,1110
AI_K20_c0.55,20260911_笠松_10,MAIN,202609,0.8692419871307723,20,1,2890
AI_K20_c0.55,20260911_笠松_11,FINAL,202609,0.7884711895486334,20,1,900
AI_K20_c0.55,20260914_名古屋_11,MAIN,202609,0.5858812815130477,20,1,1210
AI_K20_c0.55,20260914_水沢_11,MAIN,202609,0.729630834867499,20,0,0
AI_K20_c0.55,20260915_名古屋_11,MAIN,202609,0.5889283635466346,20,0,0
AI_K20_c0.55,20260915_名古屋_12,FINAL,202609,0.5763385620523693,20,0,0
AI_K20_c0.55,20260915_大井_11,MAIN,202609,0.6277688678381319,20,1,2620
AI_K20_c0.55,20260915_水沢_11,MAIN,202609,0.595265641487952,20,1,2590
AI_K20_c0.55,20260915_水沢_12,FINAL,202609,0.7749858328653232,20,1,790
AI_K20_c0.55,20260915_金沢_11,MAIN,202609,0.6616562463169784,20,1,530
AI_K20_c0.55,20260915_金沢_12,FINAL,202609,0.7735375785843481,20,1,820
AI_K20_c0.55,20260915_門別_11,MAIN,202609,0.8791286474140937,20,0,0
AI_K20_c0.55,20260915_門別_12,FINAL,202609,0.6657403988866963,20,1,14380
AI_K20_c0.55,20260916_名古屋_11,MAIN,202609,0.6899747665551942,20,1,730
AI_K20_c0.55,20260916_名古屋_12,FINAL,202609,0.6593930611753033,20,0,0
AI_K20_c0.55,20260916_園田_12,FINAL,202609,0.6235464039879677,20,0,0
AI_K20_c0.55,20260916_大井_11,MAIN,202609,0.6664929006817968,20,1,720
AI_K20_c0.55,20260916_門別_11,MAIN,202609,0.8716626059719761,20,0,0
AI_K20_c0.55,20260917_名古屋_11,MAIN,202609,0.5648587743634963,20,1,380
AI_K20_c0.55,20260917_名古屋_12,FINAL,202609,0.5753168307440358,20,0,0
AI_K20_c0.55,20260917_園田_11,MAIN,202609,0.7589247616627983,20,1,330
AI_K20_c0.55,20260917_大井_11,MAIN,202609,0.6008109603333537,20,1,820
AI_K20_c0.55,20260917_大井_12,FINAL,202609,0.718498967462703,20,0,0
AI_K20_c0.55,20260917_門別_11,MAIN,202609,0.8790441207251257,20,0,0
AI_K20_c0.55,20260918_名古屋_11,MAIN,202609,0.6287920992095722,20,1,1580
AI_K20_c0.55,20260918_名古屋_12,FINAL,202609,0.6304191074606129,20,1,3160
AI_K20_c0.55,20260918_園田_11,MAIN,202609,0.7245315606440598,17,1,490
AI_K20_c0.55,20260918_園田_12,FINAL,202609,0.6039077415184414,20,1,1040
AI_K20_c0.55,20260918_大井_12,FINAL,202609,0.6778915469258145,20,0,0
AI_K20_c0.55,20260921_佐賀_08,MAIN,202609,0.6180503811507959,18,1,1230
AI_K20_c0.55,20260921_水沢_12,FINAL,202609,0.5863609218046899,20,1,1660
AI_K20_c0.55,20260921_金沢_09,MAIN,202609,0.6968068951314838,20,1,1210
AI_K20_c0.55,20260921_金沢_10,FINAL,202609,0.9717543444131326,20,1,220
AI_K20_c0.55,20260922_水沢_11,MAIN,202609,0.8806307798745973,20,1,1090
AI_K20_c0.55,20260922_水沢_12,FINAL,202609,0.734004496528066,20,0,0
AI_K20_c0.55,20260922_浦和_12,FINAL,202609,0.6282717524461818,20,1,1140
AI_K20_c0.55,20260922_笠松_10,MAIN,202609,0.7729681786680533,20,1,1790
AI_K20_c0.55,20260922_笠松_11,FINAL,202609,0.7346687573781875,20,0,0
AI_K20_c0.55,20260922_金沢_12,FINAL,202609,0.6525659099326947,20,1,1340
AI_K20_c0.55,20260922_門別_12,FINAL,202609,0.8263244572582572,20,1,460
AI_K20_c0.55,20260922_高知_11,MAIN,202609,0.5960698771968765,20,0,0
AI_K20_c0.55,20260923_水沢_11,MAIN,202609,0.7167328760787012,20,1,1540
AI_K20_c0.55,20260923_水沢_12,FINAL,202609,0.7340945909931058,20,0,0
AI_K20_c0.55,20260923_笠松_10,MAIN,202609,0.8863757538264406,20,1,7850
AI_K20_c0.55,20260923_笠松_11,FINAL,202609,0.7027678508521148,20,0,0
AI_K20_c0.55,20260923_門別_11,MAIN,202609,0.8867089871787305,20,1,440
AI_K20_c0.55,20260923_門別_12,FINAL,202609,0.6831302299360051,20,1,160
AI_K20_c0.55,20260924_園田_11,MAIN,202609,0.5746815095226075,20,1,1870
AI_K20_c0.55,20260924_浦和_11,MAIN,202609,0.5763802010423004,20,1,960
AI_K20_c0.55,20260924_笠松_10,MAIN,202609,0.7177282382012088,20,1,2010
AI_K20_c0.55,20260924_笠松_11,FINAL,202609,0.7128227807143027,20,0,0
AI_K20_c0.55,20260924_門別_11,MAIN,202609,0.7464537438392991,20,0,0
AI_K20_c0.55,20260924_門別_12,FINAL,202609,0.6842950347923481,20,1,780
AI_K20_c0.55,20260928_水沢_11,MAIN,202609,0.5732317215830205,20,0,0
AI_K20_c0.55,20260928_船橋_11,MAIN,202609,0.6647479014447404,20,0,0
AI_K20_c0.55,20260928_金沢_10,MAIN,202609,0.7067456946404274,20,1,870
AI_K20_c0.55,20260928_金沢_11,FINAL,202609,0.8455096862085631,20,1,810
MKT+AI_K15_c0.6,20260715_園田_11,MAIN,202607,0.832162066366227,15,1,360
MKT+AI_K15_c0.6,20260715_園田_12,FINAL,202607,0.6856997279908273,15,1,2380
MKT+AI_K15_c0.6,20260715_浦和_11,MAIN,202607,0.8410874415952958,15,1,1590
MKT+AI_K15_c0.6,20260715_門別_11,MAIN,202607,0.7210084038437677,15,1,430
MKT+AI_K15_c0.6,20260715_門別_12,FINAL,202607,0.7358239000156225,15,1,890
MKT+AI_K15_c0.6,20260716_佐賀_09,MAIN,202607,0.7520910831549124,15,1,1140
MKT+AI_K15_c0.6,20260716_佐賀_10,FINAL,202607,0.6543385009886336,15,1,1030
MKT+AI_K15_c0.6,20260716_園田_11,MAIN,202607,0.8477130227774993,15,1,1310
MKT+AI_K15_c0.6,20260716_園田_12,FINAL,202607,0.6617707456935987,15,1,710
MKT+AI_K15_c0.6,20260716_門別_11,MAIN,202607,0.9488710889290756,15,1,220
MKT+AI_K15_c0.6,20260716_門別_12,FINAL,202607,0.7507823642369932,15,0,0
MKT+AI_K15_c0.6,20260717_名古屋_11,MAIN,202607,0.9913376263915732,15,1,410
MKT+AI_K15_c0.6,20260720_佐賀_09,MAIN,202607,0.6525236936486387,15,0,0
MKT+AI_K15_c0.6,20260720_佐賀_10,FINAL,202607,0.6928596931761418,15,1,330
MKT+AI_K15_c0.6,20260720_大井_11,MAIN,202607,0.9586642915199174,15,1,1640
MKT+AI_K15_c0.6,20260720_盛岡_12,FINAL,202607,0.7079222090469639,15,1,1020
MKT+AI_K15_c0.6,20260720_笠松_11,MAIN,202607,0.9046966674632737,15,1,410
MKT+AI_K15_c0.6,20260720_笠松_12,FINAL,202607,0.650260998134443,15,1,2920
MKT+AI_K15_c0.6,20260721_盛岡_11,MAIN,202607,0.77743892612327,15,1,450
MKT+AI_K15_c0.6,20260721_盛岡_12,FINAL,202607,0.7507846398141096,15,1,880
MKT+AI_K15_c0.6,20260721_門別_11,MAIN,202607,0.8056743608765999,15,1,550
MKT+AI_K15_c0.6,20260721_門別_12,FINAL,202607,0.7531641521517781,15,0,0
MKT+AI_K15_c0.6,20260722_大井_12,FINAL,202607,0.6901347787252614,15,1,720
MKT+AI_K15_c0.6,20260722_笠松_11,MAIN,202607,0.7872624718464996,15,0,0
MKT+AI_K15_c0.6,20260722_笠松_12,FINAL,202607,0.6810919840302941,15,1,3050
MKT+AI_K15_c0.6,20260722_門別_11,MAIN,202607,0.6571193569311327,15,1,770
MKT+AI_K15_c0.6,20260722_門別_12,FINAL,202607,0.8125577000888117,15,1,1520
MKT+AI_K15_c0.6,20260723_園田_11,MAIN,202607,0.811799145135782,15,0,0
MKT+AI_K15_c0.6,20260723_大井_11,MAIN,202607,0.744751122790886,15,1,590
MKT+AI_K15_c0.6,20260723_大井_12,FINAL,202607,0.6582476048159989,15,1,1720
MKT+AI_K15_c0.6,20260723_笠松_11,MAIN,202607,0.9565783552071432,15,1,1380
MKT+AI_K15_c0.6,20260723_笠松_12,FINAL,202607,0.6274512020288422,15,0,0
MKT+AI_K15_c0.6,20260723_門別_12,FINAL,202607,0.7696708201467268,15,1,1400
MKT+AI_K15_c0.6,20260724_園田_11,MAIN,202607,0.6199944548390738,15,1,1720
MKT+AI_K15_c0.6,20260724_大井_12,FINAL,202607,0.7203182050718913,15,1,800
MKT+AI_K15_c0.6,20260724_笠松_11,MAIN,202607,0.9436246420125911,15,1,1660
MKT+AI_K15_c0.6,20260724_笠松_12,FINAL,202607,0.6780168299939816,15,0,0
MKT+AI_K15_c0.6,20260727_川崎_11,MAIN,202607,0.9473933800630339,15,1,6030
MKT+AI_K15_c0.6,20260727_川崎_12,FINAL,202607,0.6464571285308642,15,1,2810
MKT+AI_K15_c0.6,20260727_盛岡_12,FINAL,202607,0.7323541113066065,15,1,970
MKT+AI_K15_c0.6,20260727_金沢_09,MAIN,202607,0.7252989020280954,15,1,4380
MKT+AI_K15_c0.6,20260727_金沢_10,FINAL,202607,0.6229226624688208,15,0,0
MKT+AI_K15_c0.6,20260728_川崎_12,FINAL,202607,0.7959155185896098,15,1,870
MKT+AI_K15_c0.6,20260728_盛岡_11,MAIN,202607,0.7191976055447934,15,0,0
MKT+AI_K15_c0.6,20260728_金沢_09,MAIN,202607,0.6724708247613695,15,1,1230
MKT+AI_K15_c0.6,20260728_金沢_10,FINAL,202607,0.6801482440335677,15,1,3490
MKT+AI_K15_c0.6,20260728_門別_11,MAIN,202607,0.7496242025282368,15,1,2540
MKT+AI_K15_c0.6,20260728_門別_12,FINAL,202607,0.8784624991712401,15,1,990
MKT+AI_K15_c0.6,20260729_園田_11,MAIN,202607,0.6305530412849051,15,1,1140
MKT+AI_K15_c0.6,20260729_園田_12,FINAL,202607,0.6471441199941986,15,0,0
MKT+AI_K15_c0.6,20260729_川崎_11,MAIN,202607,0.6464277238657422,15,1,4930
MKT+AI_K15_c0.6,20260729_門別_11,MAIN,202607,0.9999999999999999,10,1,210
MKT+AI_K15_c0.6,20260729_門別_12,FINAL,202607,0.9811926849912511,15,1,190
MKT+AI_K15_c0.6,20260730_名古屋_11,MAIN,202607,0.6901504309886558,15,1,1210
MKT+AI_K15_c0.6,20260730_園田_11,MAIN,202607,0.9286137001018795,15,1,1090
MKT+AI_K15_c0.6,20260730_川崎_11,MAIN,202607,0.7355014552736898,15,1,530
MKT+AI_K15_c0.6,20260730_門別_11,MAIN,202607,0.8893277344200762,15,0,0
MKT+AI_K15_c0.6,20260730_門別_12,FINAL,202607,0.9628568574076144,15,1,250
MKT+AI_K15_c0.6,20260731_園田_10,MAIN,202607,0.7800593279451702,15,0,0
MKT+AI_K15_c0.6,20260731_園田_11,FINAL,202607,0.7172111778182144,15,1,2110
MKT+AI_K15_c0.6,20260803_盛岡_11,MAIN,202608,0.9051748263764325,15,0,0
MKT+AI_K15_c0.6,20260803_盛岡_12,FINAL,202608,0.9304054576214128,15,1,780
MKT+AI_K15_c0.6,20260803_船橋_11,MAIN,202608,0.6315617788231547,15,1,3230
MKT+AI_K15_c0.6,20260803_金沢_09,MAIN,202608,0.6404722460956397,15,1,1350
MKT+AI_K15_c0.6,20260804_金沢_10,FINAL,202608,0.6901589990507037,15,1,2260
MKT+AI_K15_c0.6,20260804_門別_11,MAIN,202608,0.7893014620147788,15,1,470
MKT+AI_K15_c0.6,20260804_門別_12,FINAL,202608,0.8847029710063897,15,1,460
MKT+AI_K15_c0.6,20260805_園田_11,MAIN,202608,0.7163935993033123,15,0,0
MKT+AI_K15_c0.6,20260805_船橋_11,MAIN,202608,0.6371479777354324,15,1,650
MKT+AI_K15_c0.6,20260805_門別_11,MAIN,202608,0.8188851110687331,15,1,9240
MKT+AI_K15_c0.6,20260805_門別_12,FINAL,202608,0.6184554352933581,15,1,800
MKT+AI_K15_c0.6,20260806_園田_11,MAIN,202608,0.7180821668635116,15,1,2720
MKT+AI_K15_c0.6,20260806_園田_12,FINAL,202608,0.6322003074036493,15,0,0
MKT+AI_K15_c0.6,20260806_船橋_12,FINAL,202608,0.6812507302498686,15,0,0
MKT+AI_K15_c0.6,20260806_門別_11,MAIN,202608,0.6953836756981882,15,1,800
MKT+AI_K15_c0.6,20260806_門別_12,FINAL,202608,0.7943720658695215,15,1,2860
MKT+AI_K15_c0.6,20260807_園田_11,MAIN,202608,0.7435420511408323,15,1,590
MKT+AI_K15_c0.6,20260807_園田_12,FINAL,202608,0.7365978103802407,15,1,1210
MKT+AI_K15_c0.6,20260807_浦和_11,MAIN,202608,0.634045284768353,15,0,0
MKT+AI_K15_c0.6,20260810_盛岡_11,MAIN,202608,0.6942533730064314,15,0,0
MKT+AI_K15_c0.6,20260810_金沢_09,MAIN,202608,0.9999999999999999,10,1,130
MKT+AI_K15_c0.6,20260810_金沢_10,FINAL,202608,0.7668890490148604,15,1,920
MKT+AI_K15_c0.6,20260811_浦和_11,MAIN,202608,0.7300965699308587,15,0,0
MKT+AI_K15_c0.6,20260811_盛岡_11,MAIN,202608,0.7160736821965269,15,1,1550
MKT+AI_K15_c0.6,20260811_笠松_11,FINAL,202608,0.7484510097219592,15,1,1810
MKT+AI_K15_c0.6,20260811_金沢_09,MAIN,202608,0.9003273645414314,15,1,840
MKT+AI_K15_c0.6,20260811_門別_11,MAIN,202608,0.7122686260470851,15,1,1860
MKT+AI_K15_c0.6,20260811_門別_12,FINAL,202608,0.7680463644345681,15,1,2160
MKT+AI_K15_c0.6,20260812_園田_11,MAIN,202608,0.8324784672569635,15,1,1080
MKT+AI_K15_c0.6,20260812_大井_09,MAIN,202608,0.6307087538730796,15,1,910
MKT+AI_K15_c0.6,20260812_浦和_11,MAIN,202608,0.7341988326683342,15,0,0
MKT+AI_K15_c0.6,20260812_浦和_12,FINAL,202608,0.6149686105295395,15,1,2310
MKT+AI_K15_c0.6,20260812_笠松_10,MAIN,202608,0.8257835241964266,15,1,990
MKT+AI_K15_c0.6,20260812_笠松_11,FINAL,202608,0.7026626508918785,15,1,1510
MKT+AI_K15_c0.6,20260812_門別_11,MAIN,202608,0.9883558380436851,15,1,1790
MKT+AI_K15_c0.6,20260812_門別_12,FINAL,202608,0.7630826849745929,15,1,340
MKT+AI_K15_c0.6,20260814_園田_12,FINAL,202608,0.6841279985804872,15,1,3300
MKT+AI_K15_c0.6,20260814_大井_09,MAIN,202608,0.8893242484251151,15,1,430
MKT+AI_K15_c0.6,20260814_大井_10,FINAL,202608,0.7827932799843075,15,1,740
MKT+AI_K15_c0.6,20260814_笠松_11,MAIN,202608,0.800114650349016,15,0,0
MKT+AI_K15_c0.6,20260814_笠松_12,FINAL,202608,0.6807419186242375,15,1,5610
MKT+AI_K15_c0.6,20260817_大井_09,MAIN,202608,0.7564393503259915,15,1,2850
MKT+AI_K15_c0.6,20260817_大井_10,FINAL,202608,0.6644336614873916,15,1,2150
MKT+AI_K15_c0.6,20260817_盛岡_11,MAIN,202608,0.6414205558554449,15,0,0
MKT+AI_K15_c0.6,20260817_盛岡_12,FINAL,202608,0.7557183961134604,15,1,1560
MKT+AI_K15_c0.6,20260817_金沢_09,MAIN,202608,0.7024703091617062,15,0,0
MKT+AI_K15_c0.6,20260818_川崎_12,FINAL,202608,0.750613723370377,15,0,0
MKT+AI_K15_c0.6,20260818_金沢_10,FINAL,202608,0.6341684715968162,15,0,0
MKT+AI_K15_c0.6,20260819_園田_11,MAIN,202608,0.7091271472135168,15,1,1050
MKT+AI_K15_c0.6,20260819_園田_12,FINAL,202608,0.6232068385213145,15,1,2780
MKT+AI_K15_c0.6,20260819_川崎_11,MAIN,202608,0.6382350113231788,15,1,1390
MKT+AI_K15_c0.6,20260819_門別_11,MAIN,202608,0.6876383185845673,15,0,0
MKT+AI_K15_c0.6,20260820_名古屋_11,MAIN,202608,0.6879461872265873,15,1,460
MKT+AI_K15_c0.6,20260820_園田_11,MAIN,202608,0.6131233805695441,15,1,850
MKT+AI_K15_c0.6,20260820_園田_12,FINAL,202608,0.6446681597818235,15,1,3400
MKT+AI_K15_c0.6,20260820_門別_11,MAIN,202608,0.79709292831679,15,1,620
MKT+AI_K15_c0.6,20260821_名古屋_11,MAIN,202608,0.7345546446247271,15,1,2890
MKT+AI_K15_c0.6,20260821_園田_11,MAIN,202608,0.8257812960612773,15,1,1100
MKT+AI_K15_c0.6,20260821_園田_12,FINAL,202608,0.6938231636356706,15,1,4600
MKT+AI_K15_c0.6,20260821_川崎_11,MAIN,202608,0.8656953689192853,15,1,1230
MKT+AI_K15_c0.6,20260824_盛岡_11,MAIN,202608,0.6340519499923661,15,0,0
MKT+AI_K15_c0.6,20260824_金沢_08,MAIN,202608,0.8092106552851764,15,1,1780
MKT+AI_K15_c0.6,20260824_金沢_09,FINAL,202608,0.6466415706834887,15,0,0
MKT+AI_K15_c0.6,20260825_笠松_09,MAIN,202608,0.7564556733345518,15,0,0
MKT+AI_K15_c0.6,20260825_笠松_10,FINAL,202608,0.6008515604063306,15,0,0
MKT+AI_K15_c0.6,20260825_金沢_09,MAIN,202608,0.8302285913877708,15,1,360
MKT+AI_K15_c0.6,20260825_門別_11,MAIN,202608,0.879296111559468,15,1,250
MKT+AI_K15_c0.6,20260825_門別_12,FINAL,202608,0.7000005179211624,15,1,350
MKT+AI_K15_c0.6,20260826_園田_11,MAIN,202608,0.7975882368283749,15,1,430
MKT+AI_K15_c0.6,20260826_笠松_09,MAIN,202608,0.7995938261354233,15,0,0
MKT+AI_K15_c0.6,20260826_笠松_10,FINAL,202608,0.8476014076099139,15,0,0
MKT+AI_K15_c0.6,20260826_門別_11,MAIN,202608,0.6992566254544299,15,1,390
MKT+AI_K15_c0.6,20260826_門別_12,FINAL,202608,1.0000000000000002,10,1,110
MKT+AI_K15_c0.6,20260827_園田_11,MAIN,202608,0.7408665822163895,15,1,200
MKT+AI_K15_c0.6,20260827_園田_12,FINAL,202608,0.6143958361141351,15,1,1510
MKT+AI_K15_c0.6,20260827_笠松_11,MAIN,202608,0.970436264338733,15,1,520
MKT+AI_K15_c0.6,20260827_笠松_12,FINAL,202608,0.7222412379044564,15,0,0
MKT+AI_K15_c0.6,20260827_船橋_11,MAIN,202608,0.737918200345778,15,1,1310
MKT+AI_K15_c0.6,20260827_門別_11,MAIN,202608,0.835973486588363,15,1,1880
MKT+AI_K15_c0.6,20260827_門別_12,FINAL,202608,0.7006377634573474,15,1,660
MKT+AI_K15_c0.6,20260828_園田_11,MAIN,202608,0.6371704416059534,15,1,570
MKT+AI_K15_c0.6,20260828_笠松_11,MAIN,202608,0.7044781098044008,15,0,0
MKT+AI_K15_c0.6,20260828_笠松_12,FINAL,202608,0.7463679718567142,15,1,400
MKT+AI_K15_c0.6,20260831_盛岡_11,MAIN,202608,0.7678465375003886,15,0,0
MKT+AI_K15_c0.6,20260831_盛岡_12,FINAL,202608,0.7701404606815642,15,1,690
MKT+AI_K15_c0.6,20260831_金沢_11,MAIN,202608,0.9377710299696732,15,1,710
MKT+AI_K15_c0.6,20260831_金沢_12,FINAL,202608,0.6714274873793141,15,0,0
MKT+AI_K15_c0.6,20260902_園田_11,MAIN,202609,0.7591927210161653,15,1,240
MKT+AI_K15_c0.6,20260902_園田_12,FINAL,202609,0.6454418281111741,15,0,0
MKT+AI_K15_c0.6,20260902_門別_11,MAIN,202609,0.765974019347601,15,1,1390
MKT+AI_K15_c0.6,20260903_佐賀_11,MAIN,202609,0.8657923054819615,15,1,520
MKT+AI_K15_c0.6,20260903_佐賀_12,FINAL,202609,0.7097459149590555,15,0,0
MKT+AI_K15_c0.6,20260903_園田_11,MAIN,202609,0.6073652860204736,15,1,3270
MKT+AI_K15_c0.6,20260903_大井_11,MAIN,202609,0.752750043718673,15,1,630
MKT+AI_K15_c0.6,20260903_大井_12,FINAL,202609,0.6306962077039066,15,0,0
MKT+AI_K15_c0.6,20260903_門別_12,FINAL,202609,0.6518999270990141,15,0,0
MKT+AI_K15_c0.6,20260904_名古屋_11,MAIN,202609,0.6061807839774674,15,1,1230
MKT+AI_K15_c0.6,20260904_園田_12,FINAL,202609,0.6334347990994368,15,0,0
MKT+AI_K15_c0.6,20260907_名古屋_11,MAIN,202609,0.8008790458683291,15,1,1010
MKT+AI_K15_c0.6,20260907_水沢_12,FINAL,202609,0.642662760604612,15,0,0
MKT+AI_K15_c0.6,20260908_水沢_11,MAIN,202609,0.7390014816616082,15,1,670
MKT+AI_K15_c0.6,20260908_水沢_12,FINAL,202609,0.7236450829484468,15,1,920
MKT+AI_K15_c0.6,20260908_金沢_12,FINAL,202609,0.9217849208264245,15,1,2090
MKT+AI_K15_c0.6,20260908_門別_11,MAIN,202609,0.6349760243595038,15,1,2100
MKT+AI_K15_c0.6,20260908_門別_12,FINAL,202609,0.6433690498509538,14,1,2430
MKT+AI_K15_c0.6,20260909_園田_09,MAIN,202609,0.7348825347513687,15,1,1140
MKT+AI_K15_c0.6,20260909_園田_10,FINAL,202609,0.6527627589005227,15,0,0
MKT+AI_K15_c0.6,20260909_笠松_10,FINAL,202609,0.7221260599760698,15,0,0
MKT+AI_K15_c0.6,20260909_門別_11,MAIN,202609,0.6336507888853093,15,1,3450
MKT+AI_K15_c0.6,20260909_門別_12,FINAL,202609,1.0,10,1,260
MKT+AI_K15_c0.6,20260910_園田_11,MAIN,202609,0.6990359545699267,15,1,210
MKT+AI_K15_c0.6,20260910_園田_12,FINAL,202609,0.7071430476843624,15,1,1290
MKT+AI_K15_c0.6,20260910_川崎_11,MAIN,202609,0.6419481182659983,15,1,1910
MKT+AI_K15_c0.6,20260910_笠松_10,MAIN,202609,0.8158846223820045,15,0,0
MKT+AI_K15_c0.6,20260910_笠松_11,FINAL,202609,0.9378622499950491,15,1,2320
MKT+AI_K15_c0.6,20260910_門別_11,MAIN,202609,0.9441908858009161,15,0,0
MKT+AI_K15_c0.6,20260910_門別_12,FINAL,202609,0.6868866550695928,15,1,1270
MKT+AI_K15_c0.6,20260911_園田_11,MAIN,202609,0.7563556867768255,15,1,2070
MKT+AI_K15_c0.6,20260911_笠松_10,MAIN,202609,0.7448120714336868,15,1,2890
MKT+AI_K15_c0.6,20260911_笠松_11,FINAL,202609,0.733275818115377,15,1,900
MKT+AI_K15_c0.6,20260914_名古屋_11,MAIN,202609,0.6877025684404224,15,1,1210
MKT+AI_K15_c0.6,20260914_水沢_11,MAIN,202609,0.648896971581902,15,1,1790
MKT+AI_K15_c0.6,20260915_大井_11,MAIN,202609,0.6908642228360492,15,1,2620
MKT+AI_K15_c0.6,20260915_水沢_12,FINAL,202609,0.7503659811707644,15,1,790
MKT+AI_K15_c0.6,20260915_金沢_11,MAIN,202609,0.6042027019179931,15,1,530
MKT+AI_K15_c0.6,20260915_金沢_12,FINAL,202609,0.7523180455500603,15,1,820
MKT+AI_K15_c0.6,20260915_門別_11,MAIN,202609,0.836693015969975,15,0,0
MKT+AI_K15_c0.6,20260915_門別_12,FINAL,202609,0.6735049603042913,15,0,0
MKT+AI_K15_c0.6,20260916_大井_11,MAIN,202609,0.6483966155315993,15,1,720
MKT+AI_K15_c0.6,20260916_門別_11,MAIN,202609,0.6520352557825873,15,0,0
MKT+AI_K15_c0.6,20260917_名古屋_11,MAIN,202609,0.6530773056149599,15,1,380
MKT+AI_K15_c0.6,20260917_園田_11,MAIN,202609,0.7611439851050196,15,1,330
MKT+AI_K15_c0.6,20260917_大井_12,FINAL,202609,0.6012562185540915,15,0,0
MKT+AI_K15_c0.6,20260917_門別_11,MAIN,202609,0.7250774075954347,15,1,7570
MKT+AI_K15_c0.6,20260918_名古屋_11,MAIN,202609,0.654472349402775,15,1,1580
MKT+AI_K15_c0.6,20260918_園田_12,FINAL,202609,0.6240848984448248,15,1,1040
MKT+AI_K15_c0.6,20260918_大井_12,FINAL,202609,0.6959580750070782,15,0,0
MKT+AI_K15_c0.6,20260921_佐賀_08,MAIN,202609,0.6631630047891978,13,1,1230
MKT+AI_K15_c0.6,20260921_水沢_12,FINAL,202609,0.6767270838240036,15,1,1660
MKT+AI_K15_c0.6,20260921_金沢_09,MAIN,202609,0.7736889884349417,15,1,1210
MKT+AI_K15_c0.6,20260921_金沢_10,FINAL,202609,0.962419192429243,15,1,220
MKT+AI_K15_c0.6,20260922_水沢_11,MAIN,202609,0.8193722372484695,15,1,1090
MKT+AI_K15_c0.6,20260922_水沢_12,FINAL,202609,0.6255901545481295,15,0,0
MKT+AI_K15_c0.6,20260922_浦和_12,FINAL,202609,0.6086434066244945,15,1,1140
MKT+AI_K15_c0.6,20260922_笠松_11,FINAL,202609,0.6852843370402828,15,0,0
MKT+AI_K15_c0.6,20260922_金沢_12,FINAL,202609,0.6616051756654526,15,1,1340
MKT+AI_K15_c0.6,20260922_門別_11,MAIN,202609,0.6682406510843815,15,1,840
MKT+AI_K15_c0.6,20260922_門別_12,FINAL,202609,0.8932975554852287,15,1,460
MKT+AI_K15_c0.6,20260923_水沢_11,MAIN,202609,0.7358110513004531,15,1,1540
MKT+AI_K15_c0.6,20260923_笠松_10,MAIN,202609,0.8277403997358509,15,0,0
MKT+AI_K15_c0.6,20260923_笠松_11,FINAL,202609,0.6531740078054578,15,0,0
MKT+AI_K15_c0.6,20260923_門別_11,MAIN,202609,0.8824974885099979,15,1,440
MKT+AI_K15_c0.6,20260923_門別_12,FINAL,202609,0.8211708825810112,15,1,160
MKT+AI_K15_c0.6,20260924_園田_11,MAIN,202609,0.7238794797810678,15,1,1870
MKT+AI_K15_c0.6,20260924_浦和_11,MAIN,202609,0.655081612314613,15,1,960
MKT+AI_K15_c0.6,20260924_笠松_11,FINAL,202609,0.624343156597919,15,1,3660
MKT+AI_K15_c0.6,20260924_門別_11,MAIN,202609,0.7512882018187483,15,0,0
MKT+AI_K15_c0.6,20260924_門別_12,FINAL,202609,0.636502792593494,15,1,780
MKT+AI_K20_c0.5,20260715_名古屋_11,MAIN,202607,0.6587600691179989,20,1,480
MKT+AI_K20_c0.5,20260715_名古屋_12,FINAL,202607,0.5666765895377213,20,1,4160
MKT+AI_K20_c0.5,20260715_園田_11,MAIN,202607,0.8902940336835199,20,1,360
MKT+AI_K20_c0.5,20260715_園田_12,FINAL,202607,0.7483584664059788,20,1,2380
MKT+AI_K20_c0.5,20260715_浦和_11,MAIN,202607,0.9012186677652851,20,1,1590
MKT+AI_K20_c0.5,20260715_浦和_12,FINAL,202607,0.6605600475075584,20,1,560
MKT+AI_K20_c0.5,20260715_門別_11,MAIN,202607,0.7896591541703976,20,1,430
MKT+AI_K20_c0.5,20260715_門別_12,FINAL,202607,0.8151593611436141,20,1,890
MKT+AI_K20_c0.5,20260716_佐賀_09,MAIN,202607,0.8206788598844386,20,1,1140
MKT+AI_K20_c0.5,20260716_佐賀_10,FINAL,202607,0.7200125436723686,20,1,1030
MKT+AI_K20_c0.5,20260716_園田_11,MAIN,202607,0.9000853177048131,20,1,1310
MKT+AI_K20_c0.5,20260716_園田_12,FINAL,202607,0.7273140042957716,20,1,710
MKT+AI_K20_c0.5,20260716_浦和_11,MAIN,202607,0.6359478418466318,10,0,0
MKT+AI_K20_c0.5,20260716_浦和_12,FINAL,202607,0.6467811646711648,20,0,0
MKT+AI_K20_c0.5,20260716_門別_11,MAIN,202607,0.9798447983703333,20,1,220
MKT+AI_K20_c0.5,20260716_門別_12,FINAL,202607,0.823465473666558,20,1,2140
MKT+AI_K20_c0.5,20260717_名古屋_11,MAIN,202607,1.0,20,1,410
MKT+AI_K20_c0.5,20260717_名古屋_12,FINAL,202607,0.5096395727939766,20,0,0
MKT+AI_K20_c0.5,20260717_浦和_11,MAIN,202607,0.5757471399853642,20,0,0
MKT+AI_K20_c0.5,20260717_浦和_12,FINAL,202607,0.5606910499843683,20,1,1000
MKT+AI_K20_c0.5,20260720_佐賀_09,MAIN,202607,0.7254703647375433,20,0,0
MKT+AI_K20_c0.5,20260720_佐賀_10,FINAL,202607,0.7512090716010342,20,1,330
MKT+AI_K20_c0.5,20260720_大井_11,MAIN,202607,0.9821779001343789,20,1,1640
MKT+AI_K20_c0.5,20260720_大井_12,FINAL,202607,0.5658930847475783,20,1,1380
MKT+AI_K20_c0.5,20260720_盛岡_11,MAIN,202607,0.5640259866092394,20,1,2940
MKT+AI_K20_c0.5,20260720_盛岡_12,FINAL,202607,0.769941173424145,20,1,1020
MKT+AI_K20_c0.5,20260720_笠松_11,MAIN,202607,0.9588666326071154,20,1,410
MKT+AI_K20_c0.5,20260720_笠松_12,FINAL,202607,0.7241062300476542,20,1,2920
MKT+AI_K20_c0.5,20260720_金沢_09,MAIN,202607,0.5853869335960119,20,1,2720
MKT+AI_K20_c0.5,20260720_金沢_10,FINAL,202607,0.6298918989858288,20,1,1060
MKT+AI_K20_c0.5,20260721_大井_11,MAIN,202607,0.6086052696735166,20,0,0
MKT+AI_K20_c0.5,20260721_盛岡_11,MAIN,202607,0.8426782338304212,20,1,450
MKT+AI_K20_c0.5,20260721_盛岡_12,FINAL,202607,0.8357571103223091,20,1,880
MKT+AI_K20_c0.5,20260721_門別_11,MAIN,202607,0.8691403167961637,20,1,550
MKT+AI_K20_c0.5,20260721_門別_12,FINAL,202607,0.8344692954809949,20,1,3440
MKT+AI_K20_c0.5,20260722_園田_11,MAIN,202607,0.6388803067900631,20,1,3460
MKT+AI_K20_c0.5,20260722_園田_12,FINAL,202607,0.5331029195466914,20,0,0
MKT+AI_K20_c0.5,20260722_大井_11,MAIN,202607,0.5049037831739489,20,0,0
MKT+AI_K20_c0.5,20260722_大井_12,FINAL,202607,0.7610171246082473,20,1,720
MKT+AI_K20_c0.5,20260722_笠松_11,MAIN,202607,0.8609670765048232,20,0,0
MKT+AI_K20_c0.5,20260722_笠松_12,FINAL,202607,0.757132901827371,20,1,3050
MKT+AI_K20_c0.5,20260722_門別_11,MAIN,202607,0.7339482918061753,20,1,770
MKT+AI_K20_c0.5,20260722_門別_12,FINAL,202607,0.872747529234275,20,1,1520
MKT+AI_K20_c0.5,20260723_園田_11,MAIN,202607,0.8776254952096254,20,0,0
MKT+AI_K20_c0.5,20260723_園田_12,FINAL,202607,0.6263229720429733,20,0,0
MKT+AI_K20_c0.5,20260723_大井_11,MAIN,202607,0.8099507742228305,20,1,590
MKT+AI_K20_c0.5,20260723_大井_12,FINAL,202607,0.7217940884651296,20,1,1720
MKT+AI_K20_c0.5,20260723_笠松_11,MAIN,202607,0.9818996304709324,20,1,1380
MKT+AI_K20_c0.5,20260723_笠松_12,FINAL,202607,0.7026454794286295,20,0,0
MKT+AI_K20_c0.5,20260723_門別_12,FINAL,202607,0.8274725152250838,20,1,1400
MKT+AI_K20_c0.5,20260724_園田_11,MAIN,202607,0.6891327802208526,20,1,1720
MKT+AI_K20_c0.5,20260724_園田_12,FINAL,202607,0.5732838978130774,20,0,0
MKT+AI_K20_c0.5,20260724_大井_12,FINAL,202607,0.8138260440519979,20,1,800
MKT+AI_K20_c0.5,20260724_笠松_11,MAIN,202607,0.9769870507684759,20,1,1660
MKT+AI_K20_c0.5,20260724_笠松_12,FINAL,202607,0.745241218284011,20,0,0
MKT+AI_K20_c0.5,20260727_川崎_11,MAIN,202607,0.9764111642858335,20,1,6030
MKT+AI_K20_c0.5,20260727_川崎_12,FINAL,202607,0.7136715981003332,20,1,2810
MKT+AI_K20_c0.5,20260727_盛岡_11,MAIN,202607,0.5777136904741267,20,0,0
MKT+AI_K20_c0.5,20260727_盛岡_12,FINAL,202607,0.8072262097241882,20,1,970
MKT+AI_K20_c0.5,20260727_金沢_09,MAIN,202607,0.787031483435195,20,1,4380
MKT+AI_K20_c0.5,20260727_金沢_10,FINAL,202607,0.6917158151128093,20,0,0
MKT+AI_K20_c0.5,20260728_名古屋_11,MAIN,202607,0.6195700360497642,20,1,1740
MKT+AI_K20_c0.5,20260728_名古屋_12,FINAL,202607,0.5001843622486642,13,0,0
MKT+AI_K20_c0.5,20260728_川崎_12,FINAL,202607,0.8632553189914677,20,1,870
MKT+AI_K20_c0.5,20260728_盛岡_11,MAIN,202607,0.8020310226427408,20,0,0
MKT+AI_K20_c0.5,20260728_金沢_09,MAIN,202607,0.7442030323471407,20,1,1230
MKT+AI_K20_c0.5,20260728_金沢_10,FINAL,202607,0.7454185620148815,20,1,3490
MKT+AI_K20_c0.5,20260728_門別_11,MAIN,202607,0.8096821336564927,20,1,2540
MKT+AI_K20_c0.5,20260728_門別_12,FINAL,202607,0.9248186475346865,20,1,990
MKT+AI_K20_c0.5,20260729_名古屋_11,MAIN,202607,0.634319589961493,20,0,0
MKT+AI_K20_c0.5,20260729_園田_11,MAIN,202607,0.7311051248818435,20,1,1140
MKT+AI_K20_c0.5,20260729_園田_12,FINAL,202607,0.7136919058268528,20,1,5680
MKT+AI_K20_c0.5,20260729_川崎_11,MAIN,202607,0.7226655664419867,20,1,4930
MKT+AI_K20_c0.5,20260729_川崎_12,FINAL,202607,0.5575790894736659,20,0,0
MKT+AI_K20_c0.5,20260729_門別_11,MAIN,202607,0.9999999999999999,10,1,210
MKT+AI_K20_c0.5,20260729_門別_12,FINAL,202607,0.9937794114539258,20,1,190
MKT+AI_K20_c0.5,20260730_名古屋_11,MAIN,202607,0.7495660324176984,20,1,1210
MKT+AI_K20_c0.5,20260730_園田_11,MAIN,202607,0.9617929743542637,20,1,1090
MKT+AI_K20_c0.5,20260730_園田_12,FINAL,202607,0.6170520129093012,20,1,12230
MKT+AI_K20_c0.5,20260730_川崎_11,MAIN,202607,0.8183687189929693,20,1,530
MKT+AI_K20_c0.5,20260730_川崎_12,FINAL,202607,0.5006114634896948,20,1,2390
MKT+AI_K20_c0.5,20260730_門別_11,MAIN,202607,0.9503772187196502,20,1,2250
MKT+AI_K20_c0.5,20260730_門別_12,FINAL,202607,0.9877967092044031,20,1,250
MKT+AI_K20_c0.5,20260731_名古屋_11,MAIN,202607,0.6691650102786327,20,1,2460
MKT+AI_K20_c0.5,20260731_園田_10,MAIN,202607,0.8433598952553114,20,0,0
MKT+AI_K20_c0.5,20260731_園田_11,FINAL,202607,0.7754261678821719,20,1,2110
MKT+AI_K20_c0.5,20260731_川崎_11,MAIN,202607,0.5361551008750266,20,0,0
MKT+AI_K20_c0.5,20260731_川崎_12,FINAL,202607,0.6107544565058645,20,0,0
MKT+AI_K20_c0.5,20260803_盛岡_11,MAIN,202608,0.9558294002010824,20,0,0
MKT+AI_K20_c0.5,20260803_盛岡_12,FINAL,202608,0.9689336076714709,20,1,780
MKT+AI_K20_c0.5,20260803_船橋_11,MAIN,202608,0.706901780859792,20,1,3230
MKT+AI_K20_c0.5,20260803_船橋_12,FINAL,202608,0.5951906311140905,20,1,1470
MKT+AI_K20_c0.5,20260803_金沢_09,MAIN,202608,0.7151135732392355,20,1,1350
MKT+AI_K20_c0.5,20260804_盛岡_11,MAIN,202608,0.6105081594254831,20,1,2660
MKT+AI_K20_c0.5,20260804_盛岡_12,FINAL,202608,0.6616891007050235,20,1,1230
MKT+AI_K20_c0.5,20260804_船橋_11,MAIN,202608,0.5631484067049969,20,0,0
MKT+AI_K20_c0.5,20260804_船橋_12,FINAL,202608,0.5851548356892673,20,0,0
MKT+AI_K20_c0.5,20260804_金沢_09,MAIN,202608,0.5782708801651121,20,0,0
MKT+AI_K20_c0.5,20260804_金沢_10,FINAL,202608,0.7604430394588797,20,1,2260
MKT+AI_K20_c0.5,20260804_門別_11,MAIN,202608,0.855533531669701,20,1,470
MKT+AI_K20_c0.5,20260804_門別_12,FINAL,202608,0.9294622034946456,20,1,460
MKT+AI_K20_c0.5,20260805_園田_11,MAIN,202608,0.7912526367551406,20,0,0
MKT+AI_K20_c0.5,20260805_園田_12,FINAL,202608,0.6807831247810197,20,1,760
MKT+AI_K20_c0.5,20260805_船橋_11,MAIN,202608,0.7237607709878965,20,1,650
MKT+AI_K20_c0.5,20260805_船橋_12,FINAL,202608,0.6584892168309975,20,0,0
MKT+AI_K20_c0.5,20260805_門別_11,MAIN,202608,0.8754788132003626,20,1,9240
MKT+AI_K20_c0.5,20260805_門別_12,FINAL,202608,0.6949707611437007,20,1,800
MKT+AI_K20_c0.5,20260806_園田_11,MAIN,202608,0.77988935519107,20,1,2720
MKT+AI_K20_c0.5,20260806_園田_12,FINAL,202608,0.6960647034820441,20,0,0
MKT+AI_K20_c0.5,20260806_船橋_11,MAIN,202608,0.5994605594029568,20,0,0
MKT+AI_K20_c0.5,20260806_船橋_12,FINAL,202608,0.7519856882039604,20,1,4290
MKT+AI_K20_c0.5,20260806_門別_11,MAIN,202608,0.7696803330682819,20,1,800
MKT+AI_K20_c0.5,20260806_門別_12,FINAL,202608,0.8577732613625904,20,1,2860
MKT+AI_K20_c0.5,20260807_園田_11,MAIN,202608,0.8140715401455069,20,1,590
MKT+AI_K20_c0.5,20260807_園田_12,FINAL,202608,0.807620235966309,20,1,1210
MKT+AI_K20_c0.5,20260807_浦和_11,MAIN,202608,0.7137503222155531,20,0,0
MKT+AI_K20_c0.5,20260807_浦和_12,FINAL,202608,0.5112086487440815,20,1,4510
MKT+AI_K20_c0.5,20260810_浦和_11,MAIN,202608,0.6634646700329817,20,1,3200
MKT+AI_K20_c0.5,20260810_浦和_12,FINAL,202608,0.5586638611463318,17,1,3120
MKT+AI_K20_c0.5,20260810_盛岡_11,MAIN,202608,0.7995521315273277,20,1,2760
MKT+AI_K20_c0.5,20260810_盛岡_12,FINAL,202608,0.6381842513143937,20,0,0
MKT+AI_K20_c0.5,20260810_金沢_09,MAIN,202608,0.9999999999999999,10,1,130
MKT+AI_K20_c0.5,20260810_金沢_10,FINAL,202608,0.8388601853233524,20,1,920
MKT+AI_K20_c0.5,20260811_浦和_11,MAIN,202608,0.7969810039964302,20,0,0
MKT+AI_K20_c0.5,20260811_浦和_12,FINAL,202608,0.5075042869428414,20,0,0
MKT+AI_K20_c0.5,20260811_盛岡_11,MAIN,202608,0.7841300717715697,20,1,1550
MKT+AI_K20_c0.5,20260811_盛岡_12,FINAL,202608,0.5957440818368788,20,1,3340
MKT+AI_K20_c0.5,20260811_笠松_10,MAIN,202608,0.6701285894396146,20,1,1920
MKT+AI_K20_c0.5,20260811_笠松_11,FINAL,202608,0.8227753742403073,20,1,1810
MKT+AI_K20_c0.5,20260811_金沢_09,MAIN,202608,0.9414032799764261,20,1,840
MKT+AI_K20_c0.5,20260811_金沢_10,FINAL,202608,0.5799163480078467,20,1,1660
MKT+AI_K20_c0.5,20260811_門別_11,MAIN,202608,0.7833832351701111,20,1,1860
MKT+AI_K20_c0.5,20260811_門別_12,FINAL,202608,0.8422922070140703,20,1,2160
MKT+AI_K20_c0.5,20260812_園田_11,MAIN,202608,0.8925652287574486,20,1,1080
MKT+AI_K20_c0.5,20260812_大井_09,MAIN,202608,0.6991734480078536,20,1,910
MKT+AI_K20_c0.5,20260812_浦和_11,MAIN,202608,0.7974776276671848,20,1,5880
MKT+AI_K20_c0.5,20260812_浦和_12,FINAL,202608,0.6980920984909409,20,1,2310
MKT+AI_K20_c0.5,20260812_笠松_10,MAIN,202608,0.8930287951868058,20,1,990
MKT+AI_K20_c0.5,20260812_笠松_11,FINAL,202608,0.7779648001440452,20,1,1510
MKT+AI_K20_c0.5,20260812_門別_11,MAIN,202608,1.0,20,1,1790
MKT+AI_K20_c0.5,20260812_門別_12,FINAL,202608,0.8209311297905364,20,1,340
MKT+AI_K20_c0.5,20260814_園田_11,MAIN,202608,0.6819009656355659,20,1,1490
MKT+AI_K20_c0.5,20260814_園田_12,FINAL,202608,0.7567655624482063,20,1,3300
MKT+AI_K20_c0.5,20260814_大井_09,MAIN,202608,0.9458295074640092,20,1,430
MKT+AI_K20_c0.5,20260814_大井_10,FINAL,202608,0.8559954214143495,20,1,740
MKT+AI_K20_c0.5,20260814_笠松_11,MAIN,202608,0.8616795452107835,20,0,0
MKT+AI_K20_c0.5,20260814_笠松_12,FINAL,202608,0.7484221794498405,20,1,5610
MKT+AI_K20_c0.5,20260817_大井_09,MAIN,202608,0.8234899203960445,20,1,2850
MKT+AI_K20_c0.5,20260817_大井_10,FINAL,202608,0.7217183444401969,20,1,2150
MKT+AI_K20_c0.5,20260817_盛岡_11,MAIN,202608,0.7093637307064824,20,0,0
MKT+AI_K20_c0.5,20260817_盛岡_12,FINAL,202608,0.8519628306518828,20,1,1560
MKT+AI_K20_c0.5,20260817_金沢_09,MAIN,202608,0.7816212476713624,20,1,2510
MKT+AI_K20_c0.5,20260818_名古屋_11,MAIN,202608,0.6570806320279285,20,0,0
MKT+AI_K20_c0.5,20260818_川崎_11,MAIN,202608,0.6769940538164411,20,0,0
MKT+AI_K20_c0.5,20260818_川崎_12,FINAL,202608,0.8273278782202304,20,0,0
MKT+AI_K20_c0.5,20260818_盛岡_11,MAIN,202608,0.5743128548196058,20,0,0
MKT+AI_K20_c0.5,20260818_盛岡_12,FINAL,202608,0.6375752343990511,20,0,0
MKT+AI_K20_c0.5,20260818_金沢_09,MAIN,202608,0.6549894538250733,20,1,890
MKT+AI_K20_c0.5,20260818_金沢_10,FINAL,202608,0.7131568877188672,20,1,8550
MKT+AI_K20_c0.5,20260818_門別_11,MAIN,202608,0.5191057793434778,20,0,0
MKT+AI_K20_c0.5,20260818_門別_12,FINAL,202608,0.6850925698695303,20,0,0
MKT+AI_K20_c0.5,20260819_名古屋_11,MAIN,202608,0.5468840423690593,20,1,4230
MKT+AI_K20_c0.5,20260819_園田_11,MAIN,202608,0.7867026319410717,20,1,1050
MKT+AI_K20_c0.5,20260819_園田_12,FINAL,202608,0.7084030914428742,20,1,2780
MKT+AI_K20_c0.5,20260819_川崎_11,MAIN,202608,0.7025090289116609,20,1,1390
MKT+AI_K20_c0.5,20260819_門別_11,MAIN,202608,0.7595848963301965,20,0,0
MKT+AI_K20_c0.5,20260819_門別_12,FINAL,202608,0.6230917145564308,20,1,2990
MKT+AI_K20_c0.5,20260820_名古屋_11,MAIN,202608,0.7550651691229936,20,1,460
MKT+AI_K20_c0.5,20260820_園田_11,MAIN,202608,0.6973036943441127,20,1,850
MKT+AI_K20_c0.5,20260820_園田_12,FINAL,202608,0.7168732572297939,20,1,3400
MKT+AI_K20_c0.5,20260820_川崎_11,MAIN,202608,0.6110642237167252,13,0,0
MKT+AI_K20_c0.5,20260820_川崎_12,FINAL,202608,0.5255229950828139,20,1,2820
MKT+AI_K20_c0.5,20260820_門別_11,MAIN,202608,0.8530470286482829,20,1,620
MKT+AI_K20_c0.5,20260820_門別_12,FINAL,202608,0.643834582666434,20,0,0
MKT+AI_K20_c0.5,20260821_名古屋_11,MAIN,202608,0.80127541938266,20,1,2890
MKT+AI_K20_c0.5,20260821_名古屋_12,FINAL,202608,0.6070189170908886,20,0,0
MKT+AI_K20_c0.5,20260821_園田_11,MAIN,202608,0.8878382142894427,20,1,1100
MKT+AI_K20_c0.5,20260821_園田_12,FINAL,202608,0.7659738286407222,20,1,4600
MKT+AI_K20_c0.5,20260821_川崎_11,MAIN,202608,0.9222377216278793,20,1,1230
MKT+AI_K20_c0.5,20260821_川崎_12,FINAL,202608,0.5542322287078957,20,1,3760
MKT+AI_K20_c0.5,20260824_名古屋_11,MAIN,202608,0.6364622527561545,20,0,0
MKT+AI_K20_c0.5,20260824_名古屋_12,FINAL,202608,0.5584957649747618,20,1,3500
MKT+AI_K20_c0.5,20260824_盛岡_11,MAIN,202608,0.7152712546890861,20,0,0
MKT+AI_K20_c0.5,20260824_盛岡_12,FINAL,202608,0.6145946733233203,20,0,0
MKT+AI_K20_c0.5,20260824_船橋_11,MAIN,202608,0.5762084928918404,20,1,970
MKT+AI_K20_c0.5,20260824_船橋_12,FINAL,202608,0.5157540978414827,20,0,0
MKT+AI_K20_c0.5,20260824_金沢_08,MAIN,202608,0.8755956946361504,20,1,1780
MKT+AI_K20_c0.5,20260824_金沢_09,FINAL,202608,0.7293274756829746,20,0,0
MKT+AI_K20_c0.5,20260825_盛岡_11,MAIN,202608,0.5989129396015307,20,1,2820
MKT+AI_K20_c0.5,20260825_盛岡_12,FINAL,202608,0.555788958368475,20,0,0
MKT+AI_K20_c0.5,20260825_笠松_09,MAIN,202608,0.8243560428903898,20,0,0
MKT+AI_K20_c0.5,20260825_笠松_10,FINAL,202608,0.6893477832018581,20,0,0
MKT+AI_K20_c0.5,20260825_船橋_11,MAIN,202608,0.5055464870011966,20,1,2530
MKT+AI_K20_c0.5,20260825_船橋_12,FINAL,202608,0.556041354038341,20,0,0
MKT+AI_K20_c0.5,20260825_金沢_09,MAIN,202608,0.8771311622279289,20,1,360
MKT+AI_K20_c0.5,20260825_金沢_10,FINAL,202608,0.5352066430731183,20,0,0
MKT+AI_K20_c0.5,20260825_門別_11,MAIN,202608,0.9301519476776832,20,1,250
MKT+AI_K20_c0.5,20260825_門別_12,FINAL,202608,0.7659457878573184,20,1,350
MKT+AI_K20_c0.5,20260826_園田_11,MAIN,202608,0.8725101223170643,20,1,430
MKT+AI_K20_c0.5,20260826_園田_12,FINAL,202608,0.5963325611181478,20,1,1240
MKT+AI_K20_c0.5,20260826_笠松_09,MAIN,202608,0.8731690333256059,20,1,2140
MKT+AI_K20_c0.5,20260826_笠松_10,FINAL,202608,0.9185227664133818,20,0,0
MKT+AI_K20_c0.5,20260826_船橋_11,MAIN,202608,0.5837302037398724,20,0,0
MKT+AI_K20_c0.5,20260826_船橋_12,FINAL,202608,0.6706802377678343,20,1,3380
MKT+AI_K20_c0.5,20260826_門別_11,MAIN,202608,0.7637901552106104,20,1,390
MKT+AI_K20_c0.5,20260826_門別_12,FINAL,202608,1.0000000000000002,10,1,110
MKT+AI_K20_c0.5,20260827_園田_11,MAIN,202608,0.7914941743544859,20,1,200
MKT+AI_K20_c0.5,20260827_園田_12,FINAL,202608,0.6854527200217081,20,1,1510
MKT+AI_K20_c0.5,20260827_笠松_11,MAIN,202608,0.988149211195461,20,1,520
MKT+AI_K20_c0.5,20260827_笠松_12,FINAL,202608,0.8073750452769827,20,1,2020
MKT+AI_K20_c0.5,20260827_船橋_11,MAIN,202608,0.8046545025354552,20,1,1310
MKT+AI_K20_c0.5,20260827_船橋_12,FINAL,202608,0.6242276772996204,20,1,3320
MKT+AI_K20_c0.5,20260827_門別_11,MAIN,202608,0.8832789622906396,20,1,1880
MKT+AI_K20_c0.5,20260827_門別_12,FINAL,202608,0.7823174713212363,20,1,660
MKT+AI_K20_c0.5,20260828_園田_11,MAIN,202608,0.710059956438275,20,1,570
MKT+AI_K20_c0.5,20260828_園田_12,FINAL,202608,0.6220297627823144,20,0,0
MKT+AI_K20_c0.5,20260828_笠松_11,MAIN,202608,0.7825747263361078,20,0,0
MKT+AI_K20_c0.5,20260828_笠松_12,FINAL,202608,0.8139463879231782,20,1,400
MKT+AI_K20_c0.5,20260828_船橋_11,MAIN,202608,0.6676450728669729,16,0,0
MKT+AI_K20_c0.5,20260828_船橋_12,FINAL,202608,0.5484951881041914,20,0,0
MKT+AI_K20_c0.5,20260831_大井_12,FINAL,202608,0.5233248692955896,20,1,4200
MKT+AI_K20_c0.5,20260831_盛岡_11,MAIN,202608,0.8517457291284224,20,0,0
MKT+AI_K20_c0.5,20260831_盛岡_12,FINAL,202608,0.8221180514453335,20,1,690
MKT+AI_K20_c0.5,20260831_金沢_11,MAIN,202608,0.9723909933113168,20,1,710
MKT+AI_K20_c0.5,20260831_金沢_12,FINAL,202608,0.7451425716368845,20,0,0
MKT+AI_K20_c0.5,20260902_名古屋_11,MAIN,202609,0.6666198331860168,20,0,0
MKT+AI_K20_c0.5,20260902_名古屋_12,FINAL,202609,0.5671814141460548,20,0,0
MKT+AI_K20_c0.5,20260902_園田_11,MAIN,202609,0.8158342898407392,20,1,240
MKT+AI_K20_c0.5,20260902_園田_12,FINAL,202609,0.7148370475391852,20,0,0
MKT+AI_K20_c0.5,20260902_大井_11,MAIN,202609,0.5947392362650179,20,1,3420
MKT+AI_K20_c0.5,20260902_大井_12,FINAL,202609,0.5965367059505141,20,1,1890
MKT+AI_K20_c0.5,20260902_門別_11,MAIN,202609,0.8335536684886282,20,1,1390
MKT+AI_K20_c0.5,20260903_佐賀_11,MAIN,202609,0.9213829854917277,20,1,520
MKT+AI_K20_c0.5,20260903_佐賀_12,FINAL,202609,0.7766669852349626,20,1,10230
MKT+AI_K20_c0.5,20260903_名古屋_12,FINAL,202609,0.5699457868879804,20,1,5090
MKT+AI_K20_c0.5,20260903_園田_11,MAIN,202609,0.6791859062603349,20,1,3270
MKT+AI_K20_c0.5,20260903_園田_12,FINAL,202609,0.6518064892832381,20,0,0
MKT+AI_K20_c0.5,20260903_大井_11,MAIN,202609,0.8226900000669561,20,1,630
MKT+AI_K20_c0.5,20260903_大井_12,FINAL,202609,0.7209609090214483,20,1,3500
MKT+AI_K20_c0.5,20260903_門別_11,MAIN,202609,0.6507481010067641,20,1,1230
MKT+AI_K20_c0.5,20260903_門別_12,FINAL,202609,0.7421379584514124,20,0,0
MKT+AI_K20_c0.5,20260904_名古屋_11,MAIN,202609,0.6711246085802169,20,1,1230
MKT+AI_K20_c0.5,20260904_園田_11,MAIN,202609,0.6448680411888463,20,1,1840
MKT+AI_K20_c0.5,20260904_園田_12,FINAL,202609,0.7111931050679735,20,0,0
MKT+AI_K20_c0.5,20260904_大井_11,MAIN,202609,0.6478945333195141,20,0,0
MKT+AI_K20_c0.5,20260904_大井_12,FINAL,202609,0.534542604021203,20,1,2780
MKT+AI_K20_c0.5,20260907_名古屋_11,MAIN,202609,0.8726540627403473,20,1,1010
MKT+AI_K20_c0.5,20260907_名古屋_12,FINAL,202609,0.5994165354259433,18,1,2500
MKT+AI_K20_c0.5,20260907_川崎_11,MAIN,202609,0.5246929703439481,20,1,6360
MKT+AI_K20_c0.5,20260907_川崎_12,FINAL,202609,0.5165454953018385,20,1,2620
MKT+AI_K20_c0.5,20260907_水沢_11,MAIN,202609,0.5426111856446404,20,1,1670
MKT+AI_K20_c0.5,20260907_水沢_12,FINAL,202609,0.7098435709199123,20,0,0
MKT+AI_K20_c0.5,20260908_川崎_11,MAIN,202609,0.6468154922506439,20,1,920
MKT+AI_K20_c0.5,20260908_川崎_12,FINAL,202609,0.5400276677101207,20,0,0
MKT+AI_K20_c0.5,20260908_水沢_11,MAIN,202609,0.8222887703402174,20,1,670
MKT+AI_K20_c0.5,20260908_水沢_12,FINAL,202609,0.8013820175591259,20,1,920
MKT+AI_K20_c0.5,20260908_金沢_11,MAIN,202609,0.5921856340332339,20,0,0
MKT+AI_K20_c0.5,20260908_金沢_12,FINAL,202609,0.9681393913868916,20,1,2090
MKT+AI_K20_c0.5,20260908_門別_11,MAIN,202609,0.7091081665986417,20,1,2100
MKT+AI_K20_c0.5,20260908_門別_12,FINAL,202609,0.7090940043688811,19,1,2430
MKT+AI_K20_c0.5,20260909_園田_09,MAIN,202609,0.7975105572316948,20,1,1140
MKT+AI_K20_c0.5,20260909_園田_10,FINAL,202609,0.722958777180787,20,0,0
MKT+AI_K20_c0.5,20260909_笠松_09,MAIN,202609,0.5983488688160683,20,1,4450
MKT+AI_K20_c0.5,20260909_笠松_10,FINAL,202609,0.7950589771047128,20,0,0
MKT+AI_K20_c0.5,20260909_門別_11,MAIN,202609,0.7066713943607903,20,1,3450
MKT+AI_K20_c0.5,20260909_門別_12,FINAL,202609,1.0,10,1,260
MKT+AI_K20_c0.5,20260910_園田_11,MAIN,202609,0.7687768506648248,20,1,210
MKT+AI_K20_c0.5,20260910_園田_12,FINAL,202609,0.7711221774652725,20,1,1290
MKT+AI_K20_c0.5,20260910_川崎_11,MAIN,202609,0.7100742053472442,20,1,1910
MKT+AI_K20_c0.5,20260910_笠松_10,MAIN,202609,0.8817613253193828,20,0,0
MKT+AI_K20_c0.5,20260910_笠松_11,FINAL,202609,0.977255267068558,20,1,2320
MKT+AI_K20_c0.5,20260910_門別_11,MAIN,202609,0.977264388955826,20,1,5670
MKT+AI_K20_c0.5,20260910_門別_12,FINAL,202609,0.7655734690190381,20,1,1270
MKT+AI_K20_c0.5,20260911_園田_11,MAIN,202609,0.8237818343244512,20,1,2070
MKT+AI_K20_c0.5,20260911_園田_12,FINAL,202609,0.5275111978666434,20,0,0
MKT+AI_K20_c0.5,20260911_川崎_11,MAIN,202609,0.6143666651648465,9,1,1110
MKT+AI_K20_c0.5,20260911_笠松_10,MAIN,202609,0.8299940959117753,20,1,2890
MKT+AI_K20_c0.5,20260911_笠松_11,FINAL,202609,0.793280844515353,20,1,900
MKT+AI_K20_c0.5,20260914_名古屋_11,MAIN,202609,0.7522995835834512,20,1,1210
MKT+AI_K20_c0.5,20260914_名古屋_12,FINAL,202609,0.513394686560101,20,1,1560
MKT+AI_K20_c0.5,20260914_大井_12,FINAL,202609,0.5200254505434686,20,1,1330
MKT+AI_K20_c0.5,20260914_水沢_11,MAIN,202609,0.7234478202122511,20,1,1790
MKT+AI_K20_c0.5,20260914_水沢_12,FINAL,202609,0.5927763738354621,20,1,670
MKT+AI_K20_c0.5,20260915_名古屋_11,MAIN,202609,0.6393416229101754,20,0,0
MKT+AI_K20_c0.5,20260915_名古屋_12,FINAL,202609,0.529877325251808,20,0,0
MKT+AI_K20_c0.5,20260915_大井_11,MAIN,202609,0.76638248127577,20,1,2620
MKT+AI_K20_c0.5,20260915_大井_12,FINAL,202609,0.6158702947069146,20,0,0
MKT+AI_K20_c0.5,20260915_水沢_11,MAIN,202609,0.6188162567721872,20,1,2590
MKT+AI_K20_c0.5,20260915_水沢_12,FINAL,202609,0.8203104185415054,20,1,790
MKT+AI_K20_c0.5,20260915_金沢_11,MAIN,202609,0.6983293675001931,20,1,530
MKT+AI_K20_c0.5,20260915_金沢_12,FINAL,202609,0.8403122181003542,20,1,820
MKT+AI_K20_c0.5,20260915_門別_11,MAIN,202609,0.8956327163374571,20,0,0
MKT+AI_K20_c0.5,20260915_門別_12,FINAL,202609,0.7349732445283208,20,0,0
MKT+AI_K20_c0.5,20260916_名古屋_11,MAIN,202609,0.6075440403714285,20,1,730
MKT+AI_K20_c0.5,20260916_園田_11,MAIN,202609,0.6410247699124519,20,0,0
MKT+AI_K20_c0.5,20260916_園田_12,FINAL,202609,0.5879673580847754,20,0,0
MKT+AI_K20_c0.5,20260916_大井_11,MAIN,202609,0.7222449196682529,20,1,720
MKT+AI_K20_c0.5,20260916_門別_11,MAIN,202609,0.7642254297448511,20,0,0
MKT+AI_K20_c0.5,20260916_門別_12,FINAL,202609,0.5349519147109434,20,0,0
MKT+AI_K20_c0.5,20260917_名古屋_11,MAIN,202609,0.7198711354564923,20,1,380
MKT+AI_K20_c0.5,20260917_園田_11,MAIN,202609,0.8438399624609537,20,1,330
MKT+AI_K20_c0.5,20260917_大井_11,MAIN,202609,0.6654419644301446,20,1,820
MKT+AI_K20_c0.5,20260917_大井_12,FINAL,202609,0.6795470052472968,20,0,0
MKT+AI_K20_c0.5,20260917_門別_11,MAIN,202609,0.81042441472431,20,1,7570
MKT+AI_K20_c0.5,20260918_名古屋_11,MAIN,202609,0.7263756332338669,20,1,1580
MKT+AI_K20_c0.5,20260918_名古屋_12,FINAL,202609,0.5012159496404238,20,1,3160
MKT+AI_K20_c0.5,20260918_園田_12,FINAL,202609,0.6992587585563579,20,1,1040
MKT+AI_K20_c0.5,20260918_大井_12,FINAL,202609,0.7684825393191399,20,0,0
MKT+AI_K20_c0.5,20260921_佐賀_08,MAIN,202609,0.7291569773651436,17,1,1230
MKT+AI_K20_c0.5,20260921_佐賀_09,FINAL,202609,0.5841610997492667,20,0,0
MKT+AI_K20_c0.5,20260921_水沢_12,FINAL,202609,0.7421344979725353,20,1,1660
MKT+AI_K20_c0.5,20260921_金沢_09,MAIN,202609,0.8331580607798884,20,1,1210
MKT+AI_K20_c0.5,20260921_金沢_10,FINAL,202609,0.9850292739871231,20,1,220
MKT+AI_K20_c0.5,20260922_水沢_11,MAIN,202609,0.8918861652246043,20,1,1090
MKT+AI_K20_c0.5,20260922_水沢_12,FINAL,202609,0.7044374978057417,20,0,0
MKT+AI_K20_c0.5,20260922_浦和_12,FINAL,202609,0.6807315994160799,20,1,1140
MKT+AI_K20_c0.5,20260922_笠松_10,MAIN,202609,0.6475255424155109,20,1,1790
MKT+AI_K20_c0.5,20260922_笠松_11,FINAL,202609,0.7467893994083423,20,0,0
MKT+AI_K20_c0.5,20260922_金沢_11,MAIN,202609,0.6507112673777159,20,1,1250
MKT+AI_K20_c0.5,20260922_金沢_12,FINAL,202609,0.7399331825652431,20,1,1340
MKT+AI_K20_c0.5,20260922_門別_11,MAIN,202609,0.7291142845624755,20,1,840
MKT+AI_K20_c0.5,20260922_門別_12,FINAL,202609,0.9373101171254362,20,1,460
MKT+AI_K20_c0.5,20260922_高知_11,MAIN,202609,0.6413006456284077,20,0,0
MKT+AI_K20_c0.5,20260923_園田_12,FINAL,202609,0.5077425772598331,20,0,0
MKT+AI_K20_c0.5,20260923_水沢_11,MAIN,202609,0.80373011065213,20,1,1540
MKT+AI_K20_c0.5,20260923_水沢_12,FINAL,202609,0.6140812910386775,20,1,3000
MKT+AI_K20_c0.5,20260923_浦和_12,FINAL,202609,0.6112148042706369,20,0,0
MKT+AI_K20_c0.5,20260923_笠松_10,MAIN,202609,0.8885319148658242,20,1,7850
MKT+AI_K20_c0.5,20260923_笠松_11,FINAL,202609,0.7267648071878582,20,0,0
MKT+AI_K20_c0.5,20260923_門別_11,MAIN,202609,0.9271114171941841,20,1,440
MKT+AI_K20_c0.5,20260923_門別_12,FINAL,202609,0.8760100003075558,20,1,160
MKT+AI_K20_c0.5,20260924_園田_11,MAIN,202609,0.7866210561599393,20,1,1870
MKT+AI_K20_c0.5,20260924_園田_12,FINAL,202609,0.6166103259210558,20,1,1290
MKT+AI_K20_c0.5,20260924_浦和_11,MAIN,202609,0.723653249155036,20,1,960
MKT+AI_K20_c0.5,20260924_浦和_12,FINAL,202609,0.5564320672172193,20,0,0
MKT+AI_K20_c0.5,20260924_笠松_10,MAIN,202609,0.6874859156265951,20,1,2010
MKT+AI_K20_c0.5,20260924_笠松_11,FINAL,202609,0.6977805639119399,20,1,3660
MKT+AI_K20_c0.5,20260924_門別_11,MAIN,202609,0.8206112598643294,20,0,0
MKT+AI_K20_c0.5,20260924_門別_12,FINAL,202609,0.722010005757303,20,1,780
