races,pts,hit,roi,spec,coverage
243,18.6,0.58,0.672,"((3, 0), (6, 0), (6, 0))",1.0
243,18.6,0.58,0.672,"((3, 0), (5, 0), (6, 0))",1.0
243,18.6,0.564,0.581,"((2, 0), (4, 0), (7, 0))",1.0
243,15.7,0.547,0.66,"((3, 0), (4, 0), (6, 0))",1.0
243,17.9,0.543,0.651,"((3, 0), (3, 0), (9, 0))",1.0
243,17.9,0.543,0.651,"((2, 0), (3, 0), (9, 0))",1.0
243,17.0,0.539,0.702,"((1, 0), (4, 0), (9, 0))",1.0
243,19.2,0.539,0.688,"((1, 0), (6, 0), (8, 0))",1.0
243,15.7,0.535,0.587,"((2, 0), (6, 0), (6, 0))",1.0
243,15.7,0.535,0.587,"((2, 0), (5, 0), (6, 0))",1.0
243,16.6,0.535,0.666,"((2, 0), (4, 0), (6, 1))",1.0
209,15.8,0.526,0.755,"((1, 0), (4, 2), (6, 3))",0.86
243,17.4,0.523,0.661,"((1, 0), (5, 0), (8, 0))",1.0
243,13.8,0.514,0.576,"((2, 0), (4, 0), (6, 0))",1.0
243,16.0,0.514,0.757,"((2, 0), (3, 1), (6, 1))",1.0
209,14.6,0.512,0.705,"((1, 0), (4, 1), (6, 3))",0.86
243,14.7,0.51,0.746,"((1, 0), (7, 0), (7, 0))",1.0
243,14.7,0.51,0.746,"((1, 0), (6, 0), (7, 0))",1.0
243,13.7,0.502,0.723,"((1, 0), (5, 0), (7, 0))",1.0
243,15.5,0.498,0.578,"((2, 0), (3, 0), (8, 0))",1.0
243,15.5,0.498,0.578,"((3, 0), (3, 0), (8, 0))",1.0
209,14.4,0.498,0.803,"((1, 0), (3, 2), (6, 3))",0.86
243,14.9,0.498,0.839,"((1, 0), (4, 2), (6, 1))",1.0
243,14.9,0.498,0.839,"((1, 0), (4, 2), (6, 2))",1.0
243,14.5,0.49,0.671,"((2, 0), (3, 0), (6, 3))",1.0
243,12.8,0.49,0.678,"((2, 0), (3, 0), (7, 0))",1.0
243,12.8,0.49,0.678,"((3, 0), (3, 0), (7, 0))",1.0
243,14.5,0.49,0.616,"((1, 0), (4, 0), (8, 0))",1.0
243,13.6,0.481,0.719,"((1, 0), (3, 0), (10, 0))",1.0
243,12.3,0.477,0.787,"((1, 0), (3, 0), (9, 0))",1.0
243,11.8,0.477,0.687,"((1, 0), (4, 0), (7, 0))",1.0
243,13.5,0.477,0.731,"((1, 0), (4, 0), (6, 3))",1.0
243,13.8,0.477,0.748,"((1, 0), (4, 1), (6, 2))",1.0
243,13.1,0.473,0.675,"((2, 0), (3, 0), (6, 2))",1.0
243,11.6,0.469,0.754,"((2, 0), (3, 0), (6, 1))",1.0
243,11.9,0.469,0.76,"((1, 0), (4, 1), (6, 1))",1.0
243,13.7,0.469,0.881,"((1, 0), (3, 2), (6, 2))",1.0
243,13.7,0.469,0.881,"((1, 0), (3, 2), (6, 1))",1.0
243,12.1,0.461,0.743,"((1, 0), (4, 0), (6, 2))",1.0
243,13.1,0.461,0.733,"((1, 0), (3, 1), (6, 3))",1.0
243,9.8,0.453,0.67,"((2, 0), (3, 0), (6, 0))",1.0
243,10.6,0.453,0.728,"((1, 0), (4, 0), (6, 1))",1.0
243,9.8,0.453,0.67,"((3, 0), (3, 0), (6, 0))",1.0
243,9.8,0.449,0.622,"((1, 0), (5, 0), (6, 0))",1.0
243,9.8,0.449,0.622,"((1, 0), (6, 0), (6, 0))",1.0
243,8.9,0.44,0.65,"((1, 0), (4, 0), (6, 0))",1.0
243,11.7,0.44,0.735,"((1, 0), (3, 1), (6, 2))",1.0
243,10.3,0.436,0.828,"((1, 0), (3, 1), (6, 1))",1.0
243,10.7,0.436,0.666,"((1, 0), (3, 0), (8, 0))",1.0
243,10.0,0.432,0.799,"((1, 0), (3, 0), (6, 3))",1.0
243,8.9,0.428,0.769,"((1, 0), (3, 0), (7, 0))",1.0
243,15.2,0.424,0.601,"((2, 0), (4, 0), (5, 2))",1.0
243,13.6,0.424,0.608,"((2, 0), (4, 1), (5, 1))",1.0
243,14.2,0.42,0.66,"((1, 0), (4, 2), (5, 3))",1.0
243,9.1,0.416,0.784,"((1, 0), (3, 0), (6, 2))",1.0
243,12.3,0.412,0.639,"((2, 0), (4, 0), (5, 1))",1.0
243,8.1,0.412,0.869,"((1, 0), (3, 0), (6, 1))",1.0
243,13.2,0.407,0.631,"((1, 0), (4, 1), (5, 3))",1.0
243,14.8,0.407,0.627,"((2, 0), (3, 1), (5, 2))",1.0
243,12.9,0.399,0.838,"((1, 0), (2, 2), (6, 3))",1.0
243,6.9,0.399,0.732,"((1, 0), (3, 0), (6, 0))",1.0
243,11.4,0.395,0.727,"((1, 0), (4, 2), (5, 1))",1.0
243,11.4,0.395,0.727,"((1, 0), (4, 2), (5, 2))",1.0
243,9.9,0.395,0.585,"((3, 0), (5, 0), (5, 0))",1.0
243,9.9,0.395,0.585,"((3, 0), (4, 0), (5, 0))",1.0
243,11.6,0.395,0.682,"((1, 0), (4, 0), (5, 3))",1.0
243,11.5,0.395,0.928,"((1, 0), (2, 2), (6, 2))",1.0
243,11.5,0.395,0.928,"((1, 0), (2, 2), (6, 1))",1.0
243,13.0,0.395,0.686,"((1, 0), (3, 2), (5, 3))",1.0
243,12.0,0.395,0.654,"((2, 0), (3, 1), (5, 1))",1.0
243,12.5,0.387,0.551,"((2, 0), (3, 0), (5, 3))",1.0
243,10.9,0.383,0.669,"((1, 0), (4, 1), (5, 2))",1.0
243,13.7,0.383,0.772,"((2, 0), (2, 1), (6, 3))",1.0
243,8.9,0.379,0.476,"((2, 0), (4, 0), (5, 0))",1.0
243,8.9,0.379,0.476,"((2, 0), (5, 0), (5, 0))",1.0
243,12.4,0.379,0.849,"((2, 0), (2, 1), (6, 2))",1.0
243,11.3,0.374,0.594,"((1, 0), (3, 1), (5, 3))",1.0
243,10.8,0.374,0.737,"((1, 0), (3, 2), (5, 1))",1.0
243,9.7,0.374,0.711,"((1, 0), (4, 0), (5, 2))",1.0
243,10.8,0.374,0.737,"((1, 0), (3, 2), (5, 2))",1.0
243,8.6,0.37,0.691,"((1, 0), (4, 1), (5, 1))",1.0
243,11.0,0.37,0.831,"((2, 0), (2, 1), (6, 1))",1.0
243,10.7,0.37,0.56,"((2, 0), (3, 0), (5, 2))",1.0
243,14.5,0.366,0.748,"((2, 0), (2, 2), (5, 2))",1.0
243,14.5,0.366,0.748,"((2, 0), (2, 2), (5, 1))",1.0
243,15.0,0.362,0.61,"((2, 0), (4, 0), (4, 3))",1.0
243,8.0,0.362,0.705,"((1, 0), (4, 0), (5, 1))",1.0
243,8.9,0.362,0.657,"((2, 0), (3, 0), (5, 1))",1.0
243,9.5,0.354,0.598,"((1, 0), (3, 1), (5, 2))",1.0
243,9.6,0.354,0.751,"((1, 0), (2, 1), (6, 3))",1.0
243,8.7,0.354,0.698,"((1, 0), (3, 0), (5, 3))",1.0
243,6.6,0.35,0.886,"((1, 0), (2, 0), (9, 0))",1.0
243,7.3,0.35,0.805,"((1, 0), (2, 0), (10, 0))",1.0
243,14.6,0.35,0.607,"((2, 0), (3, 1), (4, 3))",1.0
243,8.7,0.35,0.819,"((1, 0), (2, 1), (6, 2))",1.0
243,7.3,0.35,0.805,"((2, 0), (2, 0), (10, 0))",1.0
243,6.6,0.35,0.886,"((2, 0), (2, 0), (9, 0))",1.0
243,7.8,0.346,0.712,"((1, 0), (3, 1), (5, 1))",1.0
243,7.8,0.346,0.909,"((1, 0), (2, 1), (6, 1))",1.0
243,5.9,0.342,0.584,"((1, 0), (5, 0), (5, 0))",1.0
243,5.9,0.342,0.584,"((1, 0), (4, 0), (5, 0))",1.0
243,6.9,0.342,0.531,"((2, 0), (3, 0), (5, 0))",1.0
243,6.9,0.342,0.531,"((3, 0), (3, 0), (5, 0))",1.0
243,7.5,0.337,0.69,"((1, 0), (3, 0), (5, 2))",1.0
243,12.5,0.329,0.713,"((2, 0), (4, 1), (4, 2))",1.0
243,12.5,0.329,0.713,"((2, 0), (3, 2), (4, 2))",1.0
243,6.3,0.329,0.799,"((1, 0), (3, 0), (5, 1))",1.0
243,12.5,0.329,0.713,"((2, 0), (4, 2), (4, 1))",1.0
243,12.5,0.329,0.713,"((2, 0), (4, 2), (4, 2))",1.0
243,12.5,0.329,0.713,"((2, 0), (3, 2), (4, 1))",1.0
243,11.1,0.329,0.661,"((1, 0), (2, 2), (5, 3))",1.0
243,9.4,0.325,0.771,"((1, 0), (2, 2), (5, 1))",1.0
243,11.2,0.325,0.691,"((2, 0), (3, 1), (4, 2))",1.0
243,11.4,0.325,0.669,"((2, 0), (4, 0), (4, 2))",1.0
243,9.4,0.325,0.771,"((1, 0), (2, 2), (5, 2))",1.0
243,10.6,0.321,0.555,"((2, 0), (3, 0), (4, 3))",1.0
243,11.2,0.317,0.607,"((1, 0), (4, 2), (4, 3))",1.0
243,11.9,0.317,0.657,"((2, 0), (2, 1), (5, 3))",1.0
243,10.7,0.317,0.636,"((1, 0), (4, 1), (4, 3))",1.0
243,10.6,0.313,0.636,"((1, 0), (3, 2), (4, 3))",1.0
243,10.2,0.313,0.757,"((2, 0), (2, 1), (5, 2))",1.0
243,5.8,0.313,0.666,"((2, 0), (2, 0), (8, 0))",1.0
243,4.9,0.313,0.611,"((1, 0), (3, 0), (5, 0))",1.0
243,5.8,0.313,0.666,"((1, 0), (2, 0), (8, 0))",1.0
243,9.6,0.313,0.701,"((1, 0), (4, 0), (4, 3))",1.0
243,9.4,0.309,0.594,"((1, 0), (3, 1), (4, 3))",1.0
243,4.9,0.305,0.728,"((1, 0), (2, 0), (7, 0))",1.0
243,5.0,0.305,0.84,"((1, 0), (2, 0), (6, 2))",1.0
243,4.9,0.305,0.728,"((2, 0), (2, 0), (7, 0))",1.0
243,5.5,0.305,0.767,"((1, 0), (2, 0), (6, 3))",1.0
243,5.0,0.305,0.84,"((2, 0), (2, 0), (6, 2))",1.0
243,8.4,0.305,0.589,"((2, 0), (3, 0), (4, 2))",1.0
243,5.5,0.305,0.767,"((2, 0), (2, 0), (6, 3))",1.0
243,4.5,0.3,0.91,"((1, 0), (2, 0), (6, 1))",1.0
243,8.6,0.3,0.737,"((2, 0), (2, 1), (5, 1))",1.0
243,4.5,0.3,0.91,"((2, 0), (2, 0), (6, 1))",1.0
243,7.4,0.3,0.724,"((1, 0), (3, 0), (4, 3))",1.0
243,14.3,0.296,0.608,"((2, 0), (2, 2), (4, 3))",1.0
243,7.4,0.292,0.774,"((1, 0), (4, 0), (4, 2))",1.0
243,8.0,0.292,0.72,"((1, 0), (4, 2), (4, 1))",1.0
243,8.0,0.292,0.72,"((1, 0), (4, 1), (4, 2))",1.0
243,8.0,0.292,0.72,"((1, 0), (3, 2), (4, 1))",1.0
243,8.0,0.292,0.72,"((1, 0), (4, 2), (4, 2))",1.0
243,8.0,0.292,0.72,"((1, 0), (3, 2), (4, 2))",1.0
243,8.4,0.292,0.585,"((1, 0), (2, 1), (5, 3))",1.0
243,3.9,0.292,0.848,"((2, 0), (2, 0), (6, 0))",1.0
243,3.9,0.292,0.848,"((1, 0), (2, 0), (6, 0))",1.0
243,7.2,0.288,0.666,"((1, 0), (2, 1), (5, 2))",1.0
243,7.3,0.288,0.623,"((1, 0), (3, 1), (4, 2))",1.0
243,11.1,0.284,0.755,"((2, 0), (2, 2), (4, 1))",1.0
243,11.1,0.284,0.755,"((2, 0), (2, 2), (4, 2))",1.0
243,6.0,0.284,0.745,"((1, 0), (3, 0), (4, 2))",1.0
243,6.1,0.28,0.767,"((1, 0), (2, 1), (5, 1))",1.0
243,7.8,0.28,0.752,"((2, 0), (4, 1), (4, 1))",1.0
243,7.8,0.28,0.752,"((2, 0), (3, 1), (4, 1))",1.0
243,7.8,0.28,0.752,"((2, 0), (4, 0), (4, 1))",1.0
243,6.3,0.263,0.7,"((2, 0), (3, 0), (4, 1))",1.0
243,10.1,0.263,0.688,"((2, 0), (2, 1), (4, 3))",1.0
243,5.3,0.255,0.801,"((1, 0), (4, 1), (4, 1))",1.0
243,9.3,0.255,0.573,"((1, 0), (2, 2), (4, 3))",1.0
243,5.3,0.255,0.801,"((1, 0), (4, 0), (4, 1))",1.0
243,5.3,0.255,0.801,"((1, 0), (3, 1), (4, 1))",1.0
243,8.1,0.255,0.835,"((2, 0), (2, 1), (4, 2))",1.0
243,4.2,0.251,0.682,"((2, 0), (2, 0), (5, 2))",1.0
243,4.8,0.251,0.597,"((2, 0), (2, 0), (5, 3))",1.0
243,4.2,0.251,0.682,"((1, 0), (2, 0), (5, 2))",1.0
243,4.8,0.251,0.597,"((1, 0), (2, 0), (5, 3))",1.0
243,4.5,0.251,0.907,"((1, 0), (3, 0), (4, 1))",1.0
243,7.3,0.251,0.717,"((1, 0), (2, 2), (4, 2))",1.0
243,7.3,0.251,0.717,"((1, 0), (2, 2), (4, 1))",1.0
243,3.6,0.243,0.756,"((1, 0), (2, 0), (5, 1))",1.0
243,3.6,0.243,0.756,"((2, 0), (2, 0), (5, 1))",1.0
243,7.1,0.239,0.563,"((1, 0), (2, 1), (4, 3))",1.0
243,4.0,0.235,0.53,"((3, 0), (4, 0), (4, 0))",1.0
243,4.0,0.235,0.53,"((3, 0), (3, 0), (4, 0))",1.0
243,4.0,0.235,0.53,"((2, 0), (3, 0), (4, 0))",1.0
243,4.0,0.235,0.53,"((2, 0), (4, 0), (4, 0))",1.0
243,5.8,0.235,0.679,"((1, 0), (2, 1), (4, 2))",1.0
243,14.5,0.23,0.848,"((0, 2), (2, 2), (5, 2))",1.0
243,3.0,0.23,0.647,"((1, 0), (2, 0), (5, 0))",1.0
243,3.0,0.23,0.647,"((2, 0), (2, 0), (5, 0))",1.0
243,3.0,0.226,0.668,"((1, 0), (3, 0), (4, 0))",1.0
243,6.1,0.226,0.855,"((2, 0), (2, 1), (4, 1))",1.0
243,3.0,0.226,0.668,"((1, 0), (4, 0), (4, 0))",1.0
243,4.2,0.21,0.572,"((1, 0), (2, 0), (4, 3))",1.0
243,4.4,0.21,0.831,"((1, 0), (2, 1), (4, 1))",1.0
243,3.5,0.21,0.689,"((1, 0), (2, 0), (4, 2))",1.0
243,3.5,0.21,0.689,"((2, 0), (2, 0), (4, 2))",1.0
243,4.2,0.21,0.572,"((2, 0), (2, 0), (4, 3))",1.0
243,2.8,0.185,0.773,"((2, 0), (2, 0), (4, 1))",1.0
243,2.8,0.185,0.773,"((1, 0), (2, 0), (4, 1))",1.0
243,12.5,0.177,0.812,"((0, 2), (4, 2), (4, 2))",1.0
243,12.5,0.177,0.812,"((0, 2), (3, 2), (4, 2))",1.0
243,2.0,0.173,0.652,"((2, 0), (2, 0), (4, 0))",1.0
243,2.0,0.173,0.652,"((1, 0), (2, 0), (4, 0))",1.0
243,11.0,0.173,0.915,"((0, 2), (2, 2), (4, 2))",1.0
243,15.0,0.165,0.826,"((0, 1), (4, 1), (7, 1))",1.0
243,12.6,0.144,0.838,"((0, 1), (3, 1), (7, 1))",1.0
243,11.8,0.14,0.617,"((0, 1), (4, 1), (6, 1))",1.0
243,10.2,0.128,0.639,"((0, 1), (3, 1), (6, 1))",1.0
243,9.3,0.119,0.681,"((0, 1), (2, 1), (7, 1))",1.0
243,8.6,0.115,0.655,"((0, 1), (4, 1), (5, 1))",1.0
243,7.7,0.111,0.792,"((0, 1), (2, 1), (6, 1))",1.0
243,7.8,0.107,0.63,"((0, 1), (3, 1), (5, 1))",1.0
243,1.0,0.103,0.716,"((1, 0), (2, 0), (3, 0))",1.0
243,1.0,0.103,0.716,"((2, 0), (3, 0), (3, 0))",1.0
243,1.0,0.103,0.716,"((2, 0), (2, 0), (3, 0))",1.0
243,1.0,0.103,0.716,"((3, 0), (3, 0), (3, 0))",1.0
243,1.0,0.103,0.716,"((1, 0), (3, 0), (3, 0))",1.0
243,6.1,0.095,0.759,"((0, 1), (2, 1), (5, 1))",1.0
243,5.3,0.074,0.782,"((0, 1), (3, 1), (4, 1))",1.0
243,5.3,0.074,0.782,"((0, 1), (4, 1), (4, 1))",1.0
243,4.4,0.07,0.917,"((0, 1), (2, 1), (4, 1))",1.0
