races,pts,hit,hit_ci,roi,roi_ex1,med_pay,max_lose,max_dd,model,K,c,period
168,14.8,0.679,"(np.float64(0.605), np.float64(0.745))",0.778,0.723,1175,3,54470,AI,15,0.5,explore
89,14.7,0.652,"(np.float64(0.548), np.float64(0.743))",0.737,0.627,1100,3,32910,AI,15,0.5,valid
143,14.9,0.713,"(np.float64(0.634), np.float64(0.781))",0.8,0.736,1120,3,42270,AI,15,0.55,explore
72,14.8,0.667,"(np.float64(0.552), np.float64(0.765))",0.748,0.613,965,2,25360,AI,15,0.55,valid
117,14.9,0.718,"(np.float64(0.63), np.float64(0.792))",0.739,0.686,1065,3,44400,AI,15,0.6,explore
57,14.8,0.667,"(np.float64(0.537), np.float64(0.775))",0.753,0.582,885,2,19360,AI,15,0.6,valid
88,14.8,0.716,"(np.float64(0.614), np.float64(0.8))",0.68,0.609,990,3,41870,AI,15,0.65,explore
36,14.8,0.722,"(np.float64(0.56), np.float64(0.842))",0.735,0.587,910,2,17080,AI,15,0.65,valid
69,14.8,0.696,"(np.float64(0.579), np.float64(0.792))",0.572,0.513,990,2,43740,AI,15,0.7,explore
24,14.6,0.792,"(np.float64(0.595), np.float64(0.908))",0.921,0.697,920,3,7830,AI,15,0.7,valid
44,14.7,0.773,"(np.float64(0.63), np.float64(0.872))",0.598,0.504,930,3,26030,AI,15,0.75,explore
17,14.7,0.765,"(np.float64(0.527), np.float64(0.904))",1.031,0.717,1010,3,7230,AI,15,0.75,valid
34,14.6,0.853,"(np.float64(0.699), np.float64(0.936))",0.587,0.466,780,2,21760,AI,15,0.8,explore
12,14.6,0.833,"(np.float64(0.552), np.float64(0.953))",1.343,0.894,1590,2,4690,AI,15,0.8,valid
210,19.6,0.657,"(np.float64(0.591), np.float64(0.718))",0.646,0.613,1230,6,144350,AI,20,0.5,explore
112,19.7,0.661,"(np.float64(0.569), np.float64(0.742))",0.633,0.568,1230,3,78740,AI,20,0.5,valid
187,19.7,0.701,"(np.float64(0.631), np.float64(0.762))",0.695,0.658,1230,3,110960,AI,20,0.55,explore
98,19.6,0.704,"(np.float64(0.607), np.float64(0.785))",0.67,0.595,1210,3,61410,AI,20,0.55,valid
149,19.7,0.745,"(np.float64(0.669), np.float64(0.808))",0.709,0.663,1210,3,84190,AI,20,0.6,explore
75,19.7,0.72,"(np.float64(0.61), np.float64(0.809))",0.662,0.565,1065,2,47980,AI,20,0.6,valid
132,19.8,0.742,"(np.float64(0.662), np.float64(0.809))",0.723,0.67,1175,3,70670,AI,20,0.65,explore
66,19.7,0.712,"(np.float64(0.594), np.float64(0.807))",0.664,0.553,920,2,41770,AI,20,0.65,valid
104,19.7,0.74,"(np.float64(0.649), np.float64(0.815))",0.615,0.57,1080,3,77270,AI,20,0.7,explore
45,19.6,0.689,"(np.float64(0.543), np.float64(0.805))",0.501,0.412,900,2,41970,AI,20,0.7,valid
79,19.6,0.734,"(np.float64(0.628), np.float64(0.819))",0.547,0.487,980,3,69850,AI,20,0.75,explore
30,19.5,0.833,"(np.float64(0.664), np.float64(0.927))",0.646,0.511,900,2,23170,AI,20,0.75,valid
60,19.5,0.75,"(np.float64(0.628), np.float64(0.842))",0.539,0.475,1080,3,53480,AI,20,0.8,explore
20,19.5,0.75,"(np.float64(0.531), np.float64(0.888))",0.73,0.529,1010,3,12250,AI,20,0.8,valid
194,14.8,0.665,"(np.float64(0.596), np.float64(0.728))",0.693,0.661,1140,6,87310,MKT+AI,15,0.5,explore
99,14.8,0.687,"(np.float64(0.59), np.float64(0.77))",0.706,0.655,1230,3,42050,MKT+AI,15,0.5,valid
175,14.8,0.697,"(np.float64(0.625), np.float64(0.76))",0.706,0.67,1070,5,75400,MKT+AI,15,0.55,explore
84,14.9,0.69,"(np.float64(0.585), np.float64(0.779))",0.655,0.595,1210,3,42100,MKT+AI,15,0.55,valid
147,14.9,0.755,"(np.float64(0.68), np.float64(0.818))",0.748,0.705,1050,3,55110,MKT+AI,15,0.6,explore
71,14.9,0.718,"(np.float64(0.605), np.float64(0.81))",0.683,0.611,1140,2,32250,MKT+AI,15,0.6,valid
121,14.9,0.785,"(np.float64(0.704), np.float64(0.849))",0.741,0.69,990,2,46460,MKT+AI,15,0.65,explore
52,14.9,0.731,"(np.float64(0.597), np.float64(0.832))",0.623,0.525,1050,3,27900,MKT+AI,15,0.65,valid
95,14.8,0.789,"(np.float64(0.697), np.float64(0.859))",0.668,0.603,920,2,45710,MKT+AI,15,0.7,explore
34,14.9,0.794,"(np.float64(0.632), np.float64(0.897))",0.69,0.54,920,1,14400,MKT+AI,15,0.7,valid
64,14.8,0.797,"(np.float64(0.683), np.float64(0.877))",0.655,0.557,870,2,31580,MKT+AI,15,0.75,explore
23,14.8,0.783,"(np.float64(0.581), np.float64(0.903))",0.472,0.404,710,1,16690,MKT+AI,15,0.75,valid
40,14.6,0.875,"(np.float64(0.739), np.float64(0.945))",0.743,0.585,840,1,13960,MKT+AI,15,0.8,explore
14,14.6,0.714,"(np.float64(0.454), np.float64(0.883))",0.418,0.305,490,2,11050,MKT+AI,15,0.8,valid
225,19.7,0.707,"(np.float64(0.644), np.float64(0.762))",0.685,0.657,1390,5,140570,MKT+AI,20,0.5,explore
114,19.8,0.702,"(np.float64(0.612), np.float64(0.778))",0.69,0.645,1310,2,73830,MKT+AI,20,0.5,valid
209,19.7,0.732,"(np.float64(0.668), np.float64(0.788))",0.687,0.657,1350,5,129950,MKT+AI,20,0.55,explore
102,19.7,0.716,"(np.float64(0.622), np.float64(0.794))",0.676,0.625,1250,2,69310,MKT+AI,20,0.55,valid
183,19.7,0.76,"(np.float64(0.693), np.float64(0.816))",0.691,0.657,1230,4,110170,MKT+AI,20,0.6,explore
91,19.7,0.736,"(np.float64(0.637), np.float64(0.816))",0.657,0.601,1230,2,63130,MKT+AI,20,0.6,valid
162,19.8,0.815,"(np.float64(0.748), np.float64(0.867))",0.692,0.663,1210,3,97330,MKT+AI,20,0.65,explore
77,19.8,0.766,"(np.float64(0.66), np.float64(0.847))",0.686,0.619,1230,2,49500,MKT+AI,20,0.65,valid
138,19.8,0.841,"(np.float64(0.77), np.float64(0.892))",0.723,0.689,1175,2,74460,MKT+AI,20,0.7,explore
64,19.8,0.766,"(np.float64(0.649), np.float64(0.853))",0.7,0.619,1210,2,40540,MKT+AI,20,0.7,valid
107,19.7,0.869,"(np.float64(0.792), np.float64(0.92))",0.652,0.608,1020,1,71780,MKT+AI,20,0.75,explore
40,19.8,0.85,"(np.float64(0.709), np.float64(0.929))",0.809,0.679,1115,2,19800,MKT+AI,20,0.75,valid
78,19.6,0.872,"(np.float64(0.78), np.float64(0.929))",0.578,0.517,945,2,62970,MKT+AI,20,0.8,explore
28,19.6,0.893,"(np.float64(0.728), np.float64(0.963))",0.785,0.642,920,1,10620,MKT+AI,20,0.8,valid
