races,pts,hit,roi,med_pay,roi_ex1,max_lose,rule,param,period
43,18.4,0.86,0.617,990,0.521,3,F1_P3xP6xP6,8.0,explore
16,18.4,0.688,0.76,1010,0.494,4,F1_P3xP6xP6,8.0,valid
78,18.7,0.795,0.698,1020,0.611,2,F1_P3xP6xP6,9.0,explore
32,18.4,0.75,0.589,860,0.456,2,F1_P3xP6xP6,9.0,valid
121,18.8,0.711,0.678,1120,0.622,3,F1_P3xP6xP6,10.0,explore
54,18.7,0.648,0.557,920,0.479,3,F1_P3xP6xP6,10.0,valid
153,18.7,0.699,0.702,1210,0.654,3,F1_P3xP6xP6,11.0,explore
77,18.8,0.623,0.512,965,0.458,3,F1_P3xP6xP6,11.0,valid
215,18.7,0.623,0.717,1225,0.667,5,F1_P3xP6xP6,12.0,explore
124,18.8,0.565,0.524,1210,0.49,4,F1_P3xP6xP6,12.0,valid
243,18.6,0.58,0.672,1230,0.627,6,F1_P3xP6xP6,16.0,explore
140,18.8,0.536,0.526,1230,0.496,5,F1_P3xP6xP6,16.0,valid
187,19.7,0.701,0.695,1230,0.658,3,F2_AI_top20,0.55,explore
98,19.6,0.704,0.67,1210,0.595,3,F2_AI_top20,0.55,valid
149,19.7,0.745,0.709,1210,0.663,3,F2_AI_top20,0.6,explore
75,19.7,0.72,0.662,1065,0.565,2,F2_AI_top20,0.6,valid
132,19.8,0.742,0.723,1175,0.67,3,F2_AI_top20,0.65,explore
66,19.7,0.712,0.664,920,0.553,2,F2_AI_top20,0.65,valid
104,19.7,0.74,0.615,1080,0.57,3,F2_AI_top20,0.7,explore
45,19.6,0.689,0.501,900,0.412,2,F2_AI_top20,0.7,valid
79,19.6,0.734,0.547,980,0.487,3,F2_AI_top20,0.75,explore
30,19.5,0.833,0.646,900,0.511,2,F2_AI_top20,0.75,valid
60,19.5,0.75,0.539,1080,0.475,3,F2_AI_top20,0.8,explore
20,19.5,0.75,0.73,1010,0.529,3,F2_AI_top20,0.8,valid
40,19.2,0.85,0.561,930,0.464,2,F2_AI_top20,0.85,explore
15,19.3,0.733,0.845,1090,0.574,3,F2_AI_top20,0.85,valid
209,19.7,0.732,0.687,1350,0.657,5,F3_MKT+AI_top20,0.55,explore
102,19.7,0.716,0.676,1250,0.625,2,F3_MKT+AI_top20,0.55,valid
183,19.7,0.76,0.691,1230,0.657,4,F3_MKT+AI_top20,0.6,explore
91,19.7,0.736,0.657,1230,0.601,2,F3_MKT+AI_top20,0.6,valid
162,19.8,0.815,0.692,1210,0.663,3,F3_MKT+AI_top20,0.65,explore
77,19.8,0.766,0.686,1230,0.619,2,F3_MKT+AI_top20,0.65,valid
138,19.8,0.841,0.723,1175,0.689,2,F3_MKT+AI_top20,0.7,explore
64,19.8,0.766,0.7,1210,0.619,2,F3_MKT+AI_top20,0.7,valid
107,19.7,0.869,0.652,1020,0.608,1,F3_MKT+AI_top20,0.75,explore
40,19.8,0.85,0.809,1115,0.679,2,F3_MKT+AI_top20,0.75,valid
78,19.6,0.872,0.578,945,0.517,2,F3_MKT+AI_top20,0.8,explore
28,19.6,0.893,0.785,920,0.642,1,F3_MKT+AI_top20,0.8,valid
50,19.4,0.88,0.571,855,0.476,1,F3_MKT+AI_top20,0.85,explore
14,19.3,0.857,0.818,765,0.527,1,F3_MKT+AI_top20,0.85,valid
