races,pts,hit,roi,med_pay,roi_ex1,max_lose,spec,filt,th,period
243,18.6,0.58,0.672,1230.0,0.627,6.0,P3xP6xP6,share6,0.6,explore
140,18.8,0.536,0.526,1230.0,0.496,5.0,P3xP6xP6,share6,0.6,valid
242,18.6,0.583,0.675,1230.0,0.63,6.0,P3xP6xP6,share6,0.65,explore
140,18.8,0.536,0.526,1230.0,0.496,5.0,P3xP6xP6,share6,0.65,valid
235,18.6,0.596,0.686,1230.0,0.64,6.0,P3xP6xP6,share6,0.7,explore
135,18.8,0.548,0.532,1230.0,0.501,4.0,P3xP6xP6,share6,0.7,valid
213,18.6,0.62,0.634,1215.0,0.6,6.0,P3xP6xP6,share6,0.75,explore
118,18.8,0.576,0.519,1175.0,0.483,3.0,P3xP6xP6,share6,0.75,valid
155,18.8,0.697,0.707,1225.0,0.66,4.0,P3xP6xP6,share6,0.8,explore
80,18.8,0.662,0.55,1090.0,0.497,3.0,P3xP6xP6,share6,0.8,valid
108,18.8,0.759,0.751,1120.0,0.689,3.0,P3xP6xP6,share6,0.85,explore
50,18.6,0.62,0.465,900.0,0.38,3.0,P3xP6xP6,share6,0.85,valid
169,18.6,0.598,0.681,1240.0,0.638,5.0,P3xP6xP6,gap67,2.0,explore
100,18.9,0.52,0.548,1465.0,0.507,3.0,P3xP6xP6,gap67,2.0,valid
122,18.7,0.598,0.679,1220.0,0.619,4.0,P3xP6xP6,gap67,4.0,explore
66,18.9,0.515,0.621,1625.0,0.558,4.0,P3xP6xP6,gap67,4.0,valid
79,18.7,0.608,0.702,1225.0,0.617,4.0,P3xP6xP6,gap67,6.0,explore
36,19.0,0.528,0.573,1230.0,0.489,4.0,P3xP6xP6,gap67,6.0,valid
55,18.8,0.655,0.726,1270.0,0.604,3.0,P3xP6xP6,gap67,8.0,explore
23,19.0,0.435,0.288,1005.0,0.213,6.0,P3xP6xP6,gap67,8.0,valid
38,18.8,0.658,0.673,1230.0,0.553,3.0,P3xP6xP6,gap67,10.0,explore
15,19.0,0.467,0.26,920.0,0.195,5.0,P3xP6xP6,gap67,10.0,valid
243,19.6,0.58,0.639,1230.0,0.596,6.0,BOX6,share6,0.6,explore
140,19.8,0.543,0.504,1250.0,0.476,5.0,BOX6,share6,0.6,valid
242,19.6,0.583,0.641,1230.0,0.599,6.0,BOX6,share6,0.65,explore
140,19.8,0.543,0.504,1250.0,0.476,5.0,BOX6,share6,0.65,valid
235,19.6,0.596,0.652,1230.0,0.608,6.0,BOX6,share6,0.7,explore
135,19.8,0.556,0.51,1230.0,0.481,4.0,BOX6,share6,0.7,valid
213,19.6,0.62,0.603,1215.0,0.57,6.0,BOX6,share6,0.75,explore
118,19.7,0.585,0.498,1210.0,0.464,3.0,BOX6,share6,0.75,valid
155,19.7,0.697,0.672,1225.0,0.627,4.0,BOX6,share6,0.8,explore
80,19.8,0.675,0.531,1115.0,0.481,2.0,BOX6,share6,0.8,valid
108,19.7,0.759,0.714,1120.0,0.655,3.0,BOX6,share6,0.85,explore
50,19.6,0.64,0.455,910.0,0.375,2.0,BOX6,share6,0.85,valid
169,19.6,0.598,0.648,1240.0,0.606,5.0,BOX6,gap67,2.0,explore
100,19.9,0.53,0.527,1390.0,0.488,3.0,BOX6,gap67,2.0,valid
122,19.7,0.598,0.645,1220.0,0.588,4.0,BOX6,gap67,4.0,explore
66,19.8,0.53,0.6,1580.0,0.54,4.0,BOX6,gap67,4.0,valid
79,19.6,0.608,0.668,1225.0,0.587,4.0,BOX6,gap67,6.0,explore
36,20.0,0.556,0.562,1250.0,0.482,4.0,BOX6,gap67,6.0,valid
55,19.8,0.655,0.69,1270.0,0.574,3.0,BOX6,gap67,8.0,explore
23,20.0,0.478,0.302,1090.0,0.23,3.0,BOX6,gap67,8.0,valid
38,19.7,0.658,0.64,1230.0,0.526,3.0,BOX6,gap67,10.0,explore
15,20.0,0.533,0.289,1075.0,0.228,3.0,BOX6,gap67,10.0,valid
5,11.8,1.0,0.449,210.0,0.146,0.0,P2xP6xP7,share6,0.6,explore
1,9.0,1.0,0.289,260.0,0.0,0.0,P2xP6xP7,share6,0.6,valid
5,11.8,1.0,0.449,210.0,0.146,0.0,P2xP6xP7,share6,0.65,explore
1,9.0,1.0,0.289,260.0,0.0,0.0,P2xP6xP7,share6,0.65,valid
5,11.8,1.0,0.449,210.0,0.146,0.0,P2xP6xP7,share6,0.7,explore
1,9.0,1.0,0.289,260.0,0.0,0.0,P2xP6xP7,share6,0.7,valid
5,11.8,1.0,0.449,210.0,0.146,0.0,P2xP6xP7,share6,0.75,explore
1,9.0,1.0,0.289,260.0,0.0,0.0,P2xP6xP7,share6,0.75,valid
5,11.8,1.0,0.449,210.0,0.146,0.0,P2xP6xP7,share6,0.8,explore
1,9.0,1.0,0.289,260.0,0.0,0.0,P2xP6xP7,share6,0.8,valid
5,11.8,1.0,0.449,210.0,0.146,0.0,P2xP6xP7,share6,0.85,explore
1,9.0,1.0,0.289,260.0,0.0,0.0,P2xP6xP7,share6,0.85,valid
2,16.0,1.0,0.688,1100.0,0.128,0.0,P2xP6xP7,gap67,2.0,explore
0,,,,,,,P2xP6xP7,gap67,2.0,valid
2,16.0,1.0,0.688,1100.0,0.128,0.0,P2xP6xP7,gap67,4.0,explore
0,,,,,,,P2xP6xP7,gap67,4.0,valid
2,16.0,1.0,0.688,1100.0,0.128,0.0,P2xP6xP7,gap67,6.0,explore
0,,,,,,,P2xP6xP7,gap67,6.0,valid
2,16.0,1.0,0.688,1100.0,0.128,0.0,P2xP6xP7,gap67,8.0,explore
0,,,,,,,P2xP6xP7,gap67,8.0,valid
2,16.0,1.0,0.688,1100.0,0.128,0.0,P2xP6xP7,gap67,10.0,explore
0,,,,,,,P2xP6xP7,gap67,10.0,valid
