races,pts,hit,roi,roi_ex1,roi_ex3,max_lose,maxpay,top1_share,scope,spec,min_runners,period
240,9.9,0.125,0.584,0.464,0.291,28,28520,0.21,target,A_axisV1_x_P5_pi0,0,explore
140,9.9,0.164,0.796,0.57,0.405,15,31330,0.28,target,A_axisV1_x_P5_pi0,0,valid
220,9.9,0.1,0.574,0.443,0.256,44,28520,0.23,target,A_axisV1_x_P5_pi0,8,explore
135,9.9,0.17,0.823,0.589,0.419,15,31330,0.28,target,A_axisV1_x_P5_pi0,8,valid
240,14.7,0.15,0.53,0.449,0.32,27,28520,0.15,target,A_axisV1_x_P6_pi0,0,explore
140,14.8,0.207,0.956,0.761,0.498,14,40500,0.2,target,A_axisV1_x_P6_pi0,0,valid
220,14.9,0.127,0.532,0.445,0.305,27,28520,0.16,target,A_axisV1_x_P6_pi0,8,explore
135,14.9,0.215,0.987,0.786,0.514,14,40500,0.2,target,A_axisV1_x_P6_pi0,8,valid
243,11.4,0.198,0.574,0.471,0.279,23,28710,0.18,target,A_axisV2_x_P4_pi0,0,explore
140,11.4,0.279,1.085,0.884,0.599,12,32300,0.19,target,A_axisV2_x_P4_pi0,0,valid
223,11.5,0.157,0.562,0.45,0.242,27,28710,0.2,target,A_axisV2_x_P4_pi0,8,explore
135,11.5,0.274,1.108,0.899,0.604,12,32300,0.19,target,A_axisV2_x_P4_pi0,8,valid
243,18.7,0.263,0.693,0.621,0.487,17,32860,0.1,target,A_axisV2_x_P5_pi0,0,explore
140,18.8,0.314,0.828,0.705,0.516,10,32300,0.15,target,A_axisV2_x_P5_pi0,0,valid
223,18.9,0.224,0.691,0.613,0.47,17,32860,0.11,target,A_axisV2_x_P5_pi0,8,explore
135,18.9,0.311,0.844,0.717,0.522,10,32300,0.15,target,A_axisV2_x_P5_pi0,8,valid
243,8.5,0.193,0.547,0.409,0.298,19,28520,0.25,target,A_axisV3_x_P3_pi0,0,explore
140,8.4,0.257,0.905,0.63,0.459,23,32300,0.3,target,A_axisV3_x_P3_pi0,0,valid
223,8.6,0.166,0.567,0.419,0.299,19,28520,0.26,target,A_axisV3_x_P3_pi0,8,explore
135,8.5,0.252,0.881,0.598,0.422,22,32300,0.32,target,A_axisV3_x_P3_pi0,8,valid
243,16.6,0.288,0.558,0.487,0.354,19,28710,0.13,target,A_axisV3_x_P4_pi0,0,explore
140,16.5,0.379,0.857,0.717,0.519,12,32300,0.16,target,A_axisV3_x_P4_pi0,0,valid
223,16.8,0.242,0.552,0.475,0.333,19,28710,0.14,target,A_axisV3_x_P4_pi0,8,explore
135,16.6,0.363,0.837,0.693,0.489,12,32300,0.17,target,A_axisV3_x_P4_pi0,8,valid
240,5.9,0.05,0.817,0.464,0.123,62,49610,0.43,target,B_pairV2_x_P6_pi0,0,explore
138,5.9,0.036,0.67,0.175,0.05,42,40500,0.74,target,B_pairV2_x_P6_pi0,0,valid
220,6.0,0.045,0.854,0.476,0.112,94,49610,0.44,target,B_pairV2_x_P6_pi0,8,explore
133,6.0,0.038,0.689,0.18,0.051,38,40500,0.74,target,B_pairV2_x_P6_pi0,8,valid
240,7.9,0.054,0.717,0.454,0.177,62,49610,0.37,target,B_pairV2_x_P9_pi0,0,explore
138,8.2,0.043,3.157,0.485,0.067,42,301870,0.85,target,B_pairV2_x_P9_pi0,0,valid
220,8.2,0.05,0.74,0.463,0.172,94,49610,0.37,target,B_pairV2_x_P9_pi0,8,explore
133,8.3,0.045,3.222,0.496,0.068,38,301870,0.85,target,B_pairV2_x_P9_pi0,8,valid
240,8.4,0.054,0.667,0.423,0.165,62,49610,0.37,target,B_pairV2_x_P14_pi0,0,explore
138,8.9,0.043,2.912,0.448,0.062,42,301870,0.85,target,B_pairV2_x_P14_pi0,0,valid
220,8.8,0.05,0.686,0.429,0.159,94,49610,0.37,target,B_pairV2_x_P14_pi0,8,explore
133,9.0,0.045,2.968,0.456,0.063,38,301870,0.85,target,B_pairV2_x_P14_pi0,8,valid
243,11.4,0.115,0.702,0.522,0.333,27,49610,0.26,target,B_pairV3_x_P4_pi0,0,explore
140,11.3,0.086,0.231,0.178,0.106,32,8310,0.23,target,B_pairV3_x_P4_pi0,0,valid
223,11.5,0.09,0.702,0.508,0.304,60,49610,0.28,target,B_pairV3_x_P4_pi0,8,explore
135,11.3,0.074,0.223,0.169,0.094,31,8310,0.24,target,B_pairV3_x_P4_pi0,8,valid
243,14.0,0.115,0.569,0.423,0.27,27,49610,0.26,target,B_pairV3_x_P5_pi0,0,explore
140,14.0,0.1,0.44,0.234,0.143,32,40500,0.47,target,B_pairV3_x_P5_pi0,0,valid
223,14.2,0.09,0.568,0.411,0.246,60,49610,0.28,target,B_pairV3_x_P5_pi0,8,explore
135,14.1,0.089,0.442,0.229,0.136,31,40500,0.48,target,B_pairV3_x_P5_pi0,8,valid
243,16.4,0.128,0.66,0.535,0.343,25,49610,0.19,target,B_pairV3_x_P6_pi0,0,explore
140,16.5,0.1,0.374,0.198,0.122,32,40500,0.47,target,B_pairV3_x_P6_pi0,0,valid
223,16.8,0.103,0.664,0.532,0.328,39,49610,0.2,target,B_pairV3_x_P6_pi0,8,explore
135,16.7,0.089,0.373,0.193,0.114,31,40500,0.48,target,B_pairV3_x_P6_pi0,8,valid
243,11.7,0.218,0.812,0.7,0.5,23,31730,0.14,target,C_V2xP2xP5_pi0,0,explore
140,11.6,0.243,1.164,0.965,0.659,16,32300,0.17,target,C_V2xP2xP5_pi0,0,valid
223,11.9,0.184,0.819,0.7,0.484,23,31730,0.15,target,C_V2xP2xP5_pi0,8,explore
135,11.7,0.244,1.198,0.993,0.677,16,32300,0.17,target,C_V2xP2xP5_pi0,8,valid
243,14.9,0.23,0.651,0.563,0.406,23,31730,0.13,target,C_V2xP3xP5_pi0,0,explore
140,14.8,0.286,0.98,0.824,0.584,16,32300,0.16,target,C_V2xP3xP5_pi0,0,valid
223,15.2,0.193,0.653,0.559,0.39,23,31730,0.14,target,C_V2xP3xP5_pi0,8,explore
135,14.9,0.281,0.998,0.837,0.59,16,32300,0.16,target,C_V2xP3xP5_pi0,8,valid
92,15.4,0.413,0.545,0.37,0.279,8,24780,0.32,target,C_V2xP3xP6_pi0,0,explore
61,15.7,0.377,0.484,0.381,0.29,12,9850,0.21,target,C_V2xP3xP6_pi0,0,valid
76,15.7,0.355,0.512,0.305,0.237,10,24780,0.4,target,C_V2xP3xP6_pi0,8,explore
57,15.9,0.368,0.486,0.377,0.28,12,9850,0.22,target,C_V2xP3xP6_pi0,8,valid
57,15.0,0.456,0.467,0.379,0.285,5,7520,0.19,target,C_V2xP4xP6_pi0,0,explore
34,14.9,0.353,0.407,0.319,0.187,10,4450,0.22,target,C_V2xP4xP6_pi0,0,valid
42,15.2,0.357,0.376,0.292,0.215,6,5350,0.22,target,C_V2xP4xP6_pi0,8,explore
30,15.0,0.333,0.406,0.307,0.159,9,4450,0.24,target,C_V2xP4xP6_pi0,8,valid
243,12.7,0.23,0.619,0.526,0.354,19,28710,0.15,target,C_V3xP2xP4_pi0,0,explore
140,12.4,0.293,0.948,0.762,0.498,12,32300,0.2,target,C_V3xP2xP4_pi0,0,valid
223,12.9,0.193,0.615,0.516,0.331,19,28710,0.16,target,C_V3xP2xP4_pi0,8,explore
135,12.5,0.289,0.94,0.748,0.477,12,32300,0.2,target,C_V3xP2xP4_pi0,8,valid
180,16.0,0.339,0.631,0.521,0.388,13,31730,0.17,target,C_V3xP2xP5_pi0,0,explore
105,15.9,0.39,0.642,0.531,0.431,8,18460,0.17,target,C_V3xP2xP5_pi0,0,valid
160,16.4,0.288,0.631,0.51,0.364,13,31730,0.19,target,C_V3xP2xP5_pi0,8,explore
100,16.0,0.37,0.604,0.489,0.385,8,18460,0.19,target,C_V3xP2xP5_pi0,8,valid
243,15.1,0.247,0.563,0.485,0.34,19,28710,0.14,target,C_V3xP3xP4_pi0,0,explore
140,14.7,0.307,0.846,0.689,0.466,12,32300,0.19,target,C_V3xP3xP4_pi0,0,valid
223,15.4,0.206,0.559,0.475,0.32,19,28710,0.15,target,C_V3xP3xP4_pi0,8,explore
135,14.8,0.304,0.839,0.678,0.449,12,32300,0.19,target,C_V3xP3xP4_pi0,8,valid
72,15.4,0.486,0.683,0.398,0.291,7,31730,0.42,target,C_V3xP3xP5_pi0,0,explore
46,16.1,0.478,0.546,0.454,0.317,7,6800,0.17,target,C_V3xP3xP5_pi0,0,valid
54,15.6,0.389,0.784,0.408,0.268,7,31730,0.48,target,C_V3xP3xP5_pi0,8,explore
41,16.1,0.439,0.456,0.353,0.232,6,6800,0.23,target,C_V3xP3xP5_pi0,8,valid
49,9.8,0.265,0.381,0.324,0.23,9,2760,0.15,target,A_axisV1_x_P5_pi30,0,explore
43,9.8,0.326,0.783,0.597,0.391,9,7850,0.24,target,A_axisV1_x_P5_pi30,0,valid
46,9.9,0.217,0.351,0.29,0.191,9,2760,0.17,target,A_axisV1_x_P5_pi30,8,explore
42,9.9,0.333,0.794,0.606,0.397,9,7850,0.24,target,A_axisV1_x_P5_pi30,8,valid
49,14.7,0.306,0.393,0.303,0.217,9,6460,0.23,target,A_axisV1_x_P6_pi30,0,explore
43,14.6,0.442,1.287,0.915,0.626,5,23260,0.29,target,A_axisV1_x_P6_pi30,0,valid
46,14.9,0.261,0.379,0.285,0.193,9,6460,0.25,target,A_axisV1_x_P6_pi30,8,explore
42,14.8,0.452,1.299,0.924,0.632,5,23260,0.29,target,A_axisV1_x_P6_pi30,8,valid
97,6.4,0.247,0.421,0.377,0.304,13,2760,0.11,target,A_axisV2_x_P4_pi30,0,explore
71,6.5,0.366,1.164,0.994,0.773,16,7850,0.15,target,A_axisV2_x_P4_pi30,0,valid
90,6.4,0.211,0.402,0.354,0.276,14,2760,0.12,target,A_axisV2_x_P4_pi30,8,explore
68,6.5,0.368,1.164,0.987,0.757,16,7850,0.15,target,A_axisV2_x_P4_pi30,8,valid
97,10.7,0.309,0.468,0.346,0.276,13,12600,0.26,target,A_axisV2_x_P5_pi30,0,explore
71,10.9,0.394,0.745,0.643,0.512,14,7850,0.14,target,A_axisV2_x_P5_pi30,0,valid
90,10.9,0.278,0.467,0.339,0.263,12,12600,0.28,target,A_axisV2_x_P5_pi30,8,explore
68,11.0,0.397,0.743,0.638,0.501,14,7850,0.14,target,A_axisV2_x_P5_pi30,8,valid
136,3.5,0.176,0.466,0.378,0.282,20,4230,0.19,target,A_axisV3_x_P3_pi30,0,explore
91,3.4,0.253,1.0,0.814,0.592,24,5750,0.19,target,A_axisV3_x_P3_pi30,0,valid
122,3.5,0.156,0.49,0.392,0.287,18,4230,0.2,target,A_axisV3_x_P3_pi30,8,explore
88,3.4,0.25,1.032,0.838,0.607,24,5750,0.19,target,A_axisV3_x_P3_pi30,8,valid
136,6.9,0.279,0.477,0.408,0.334,12,6420,0.14,target,A_axisV3_x_P4_pi30,0,explore
91,7.0,0.385,0.96,0.836,0.676,14,7850,0.13,target,A_axisV3_x_P4_pi30,0,valid
122,6.9,0.238,0.462,0.386,0.303,12,6420,0.16,target,A_axisV3_x_P4_pi30,8,explore
88,6.9,0.364,0.925,0.797,0.629,14,7850,0.14,target,A_axisV3_x_P4_pi30,8,valid
15,6.0,0.267,1.118,0.534,0.093,8,5250,0.52,target,B_pairV2_x_P6_pi30,0,explore
12,6.0,0.167,0.564,0.125,0.0,4,3160,0.78,target,B_pairV2_x_P6_pi30,0,valid
15,6.0,0.267,1.118,0.534,0.093,8,5250,0.52,target,B_pairV2_x_P6_pi30,8,explore
12,6.0,0.167,0.564,0.125,0.0,4,3160,0.78,target,B_pairV2_x_P6_pi30,8,valid
15,7.4,0.267,0.906,0.433,0.076,8,5250,0.52,target,B_pairV2_x_P9_pi30,0,explore
12,8.2,0.167,0.41,0.091,0.0,4,3160,0.78,target,B_pairV2_x_P9_pi30,0,valid
15,7.4,0.267,0.906,0.433,0.076,8,5250,0.52,target,B_pairV2_x_P9_pi30,8,explore
12,8.2,0.167,0.41,0.091,0.0,4,3160,0.78,target,B_pairV2_x_P9_pi30,8,valid
15,7.6,0.267,0.882,0.422,0.074,8,5250,0.52,target,B_pairV2_x_P14_pi30,0,explore
12,8.6,0.167,0.394,0.087,0.0,4,3160,0.78,target,B_pairV2_x_P14_pi30,0,valid
15,7.6,0.267,0.882,0.422,0.074,8,5250,0.52,target,B_pairV2_x_P14_pi30,8,explore
12,8.6,0.167,0.394,0.087,0.0,4,3160,0.78,target,B_pairV2_x_P14_pi30,8,valid
40,4.8,0.175,0.366,0.253,0.113,11,2160,0.31,target,B_pairV3_x_P4_pi30,0,explore
29,4.6,0.207,0.782,0.542,0.186,7,3160,0.31,target,B_pairV3_x_P4_pi30,0,valid
36,4.8,0.139,0.332,0.207,0.055,14,2160,0.37,target,B_pairV3_x_P4_pi30,8,explore
26,4.7,0.192,0.68,0.419,0.126,7,3160,0.38,target,B_pairV3_x_P4_pi30,8,valid
40,6.0,0.2,0.382,0.292,0.126,11,2160,0.24,target,B_pairV3_x_P5_pi30,0,explore
29,5.7,0.207,0.622,0.431,0.148,7,3160,0.31,target,B_pairV3_x_P5_pi30,0,valid
36,6.1,0.167,0.36,0.261,0.082,14,2160,0.27,target,B_pairV3_x_P5_pi30,8,explore
26,5.9,0.192,0.538,0.331,0.1,7,3160,0.38,target,B_pairV3_x_P5_pi30,8,valid
40,7.1,0.225,0.505,0.32,0.169,11,5250,0.37,target,B_pairV3_x_P6_pi30,0,explore
29,6.8,0.207,0.521,0.362,0.124,7,3160,0.31,target,B_pairV3_x_P6_pi30,0,valid
36,7.4,0.194,0.495,0.297,0.136,14,5250,0.4,target,B_pairV3_x_P6_pi30,8,explore
26,7.1,0.192,0.445,0.274,0.083,7,3160,0.38,target,B_pairV3_x_P6_pi30,8,valid
97,4.4,0.206,0.454,0.399,0.306,16,2380,0.12,target,C_V2xP2xP5_pi30,0,explore
71,4.6,0.254,1.045,0.868,0.599,18,5750,0.17,target,C_V2xP2xP5_pi30,0,valid
90,4.5,0.178,0.445,0.386,0.287,15,2380,0.13,target,C_V2xP2xP5_pi30,8,explore
68,4.6,0.265,1.082,0.898,0.62,18,5750,0.17,target,C_V2xP2xP5_pi30,8,valid
97,5.7,0.237,0.445,0.396,0.314,13,2760,0.11,target,C_V2xP3xP5_pi30,0,explore
71,5.8,0.338,1.054,0.914,0.702,18,5750,0.13,target,C_V2xP3xP5_pi30,0,valid
90,5.8,0.211,0.446,0.393,0.306,14,2760,0.12,target,C_V2xP3xP5_pi30,8,explore
68,5.8,0.338,1.041,0.896,0.676,18,5750,0.14,target,C_V2xP3xP5_pi30,8,valid
97,8.3,0.268,0.349,0.315,0.258,13,2760,0.1,target,C_V2xP3xP6_pi30,0,explore
71,8.3,0.366,0.806,0.708,0.559,16,5750,0.12,target,C_V2xP3xP6_pi30,0,valid
90,8.4,0.244,0.351,0.314,0.254,14,2760,0.1,target,C_V2xP3xP6_pi30,8,explore
68,8.3,0.368,0.796,0.694,0.541,16,5750,0.13,target,C_V2xP3xP6_pi30,8,valid
97,9.8,0.299,0.381,0.332,0.278,13,4600,0.13,target,C_V2xP4xP6_pi30,0,explore
71,9.9,0.394,0.818,0.706,0.562,14,7850,0.14,target,C_V2xP4xP6_pi30,0,valid
90,9.9,0.267,0.372,0.321,0.263,14,4600,0.14,target,C_V2xP4xP6_pi30,8,explore
68,10.0,0.397,0.816,0.701,0.551,14,7850,0.14,target,C_V2xP4xP6_pi30,8,valid
136,3.4,0.169,0.454,0.364,0.267,20,4230,0.2,target,C_V3xP2xP4_pi30,0,explore
91,3.4,0.242,0.977,0.789,0.564,24,5750,0.19,target,C_V3xP2xP4_pi30,0,valid
122,3.5,0.148,0.466,0.368,0.263,18,4230,0.21,target,C_V3xP2xP4_pi30,8,explore
88,3.3,0.239,1.008,0.812,0.579,24,5750,0.19,target,C_V3xP2xP4_pi30,8,valid
136,5.0,0.228,0.424,0.362,0.296,12,4230,0.15,target,C_V3xP2xP5_pi30,0,explore
91,5.2,0.319,0.933,0.811,0.626,14,5750,0.13,target,C_V3xP2xP5_pi30,0,valid
122,5.1,0.205,0.433,0.365,0.293,12,4230,0.16,target,C_V3xP2xP5_pi30,8,explore
88,5.1,0.295,0.873,0.745,0.551,14,5750,0.15,target,C_V3xP2xP5_pi30,8,valid
136,4.0,0.176,0.41,0.332,0.248,20,4230,0.19,target,C_V3xP3xP4_pi30,0,explore
91,3.8,0.253,0.896,0.729,0.53,24,5750,0.19,target,C_V3xP3xP4_pi30,0,valid
122,4.1,0.156,0.425,0.34,0.249,18,4230,0.2,target,C_V3xP3xP4_pi30,8,explore
88,3.8,0.25,0.92,0.747,0.541,24,5750,0.19,target,C_V3xP3xP4_pi30,8,valid
136,6.3,0.265,0.485,0.41,0.329,12,6420,0.15,target,C_V3xP3xP5_pi30,0,explore
91,6.3,0.363,0.888,0.787,0.634,14,5750,0.11,target,C_V3xP3xP5_pi30,0,valid
122,6.3,0.238,0.503,0.42,0.33,12,6420,0.16,target,C_V3xP3xP5_pi30,8,explore
88,6.2,0.341,0.839,0.734,0.575,14,5750,0.13,target,C_V3xP3xP5_pi30,8,valid
11,4.5,0.091,0.441,0.0,0.0,5,2160,1.0,target,D_NoteHidden_P2P4,0,explore
11,4.1,0.273,1.829,0.551,0.0,4,5750,0.7,target,D_NoteHidden_P2P4,0,valid
11,4.5,0.091,0.441,0.0,0.0,5,2160,1.0,target,D_NoteHidden_P2P4,8,explore
11,4.1,0.273,1.829,0.551,0.0,4,5750,0.7,target,D_NoteHidden_P2P4,8,valid
1701,9.9,0.223,0.631,0.603,0.559,19,46180,0.04,all,A_axisV1_x_P5_pi0,0,explore
1035,9.8,0.228,0.732,0.674,0.597,23,59150,0.08,all,A_axisV1_x_P5_pi0,0,valid
1506,9.9,0.191,0.649,0.618,0.568,32,46180,0.05,all,A_axisV1_x_P5_pi0,8,explore
954,9.9,0.211,0.756,0.694,0.611,22,59150,0.08,all,A_axisV1_x_P5_pi0,8,valid
1701,14.6,0.25,0.563,0.542,0.506,19,50950,0.04,all,A_axisV1_x_P6_pi0,0,explore
1035,14.7,0.266,0.735,0.696,0.642,20,59150,0.05,all,A_axisV1_x_P6_pi0,0,valid
1506,14.9,0.218,0.579,0.556,0.516,27,50950,0.04,all,A_axisV1_x_P6_pi0,8,explore
954,14.9,0.249,0.765,0.723,0.664,22,59150,0.05,all,A_axisV1_x_P6_pi0,8,valid
1707,11.1,0.31,0.683,0.617,0.576,16,126260,0.1,all,A_axisV2_x_P4_pi0,0,explore
1037,11.0,0.307,0.693,0.655,0.588,16,43410,0.05,all,A_axisV2_x_P4_pi0,0,valid
1512,11.2,0.269,0.696,0.622,0.577,25,126260,0.11,all,A_axisV2_x_P4_pi0,8,explore
955,11.2,0.277,0.694,0.653,0.581,22,43410,0.06,all,A_axisV2_x_P4_pi0,8,valid
1707,18.1,0.37,0.623,0.582,0.553,14,126260,0.07,all,A_axisV2_x_P5_pi0,0,explore
1037,18.2,0.363,0.662,0.63,0.585,16,59150,0.05,all,A_axisV2_x_P5_pi0,0,valid
1512,18.5,0.329,0.639,0.594,0.561,18,126260,0.07,all,A_axisV2_x_P5_pi0,8,explore
955,18.4,0.336,0.677,0.644,0.595,18,59150,0.05,all,A_axisV2_x_P5_pi0,8,valid
1707,8.0,0.319,0.694,0.673,0.65,17,28520,0.03,all,A_axisV3_x_P3_pi0,0,explore
1035,8.0,0.311,0.801,0.759,0.68,13,34030,0.05,all,A_axisV3_x_P3_pi0,0,valid
1512,8.2,0.285,0.702,0.679,0.654,24,28520,0.03,all,A_axisV3_x_P3_pi0,8,explore
953,8.1,0.28,0.793,0.749,0.664,16,34030,0.06,all,A_axisV3_x_P3_pi0,8,valid
1707,15.7,0.419,0.744,0.687,0.623,13,152520,0.08,all,A_axisV3_x_P4_pi0,0,explore
1037,15.5,0.42,0.707,0.68,0.632,8,43410,0.04,all,A_axisV3_x_P4_pi0,0,valid
1512,16.1,0.378,0.764,0.702,0.631,15,152520,0.08,all,A_axisV3_x_P4_pi0,8,explore
955,15.8,0.386,0.706,0.678,0.627,11,43410,0.04,all,A_axisV3_x_P4_pi0,8,valid
1692,5.8,0.087,0.719,0.635,0.502,55,81650,0.12,all,B_pairV2_x_P6_pi0,0,explore
1027,5.9,0.073,0.664,0.566,0.434,57,59150,0.15,all,B_pairV2_x_P6_pi0,0,valid
1499,6.0,0.068,0.745,0.654,0.507,96,81650,0.12,all,B_pairV2_x_P6_pi0,8,explore
946,6.0,0.062,0.68,0.576,0.435,52,59150,0.15,all,B_pairV2_x_P6_pi0,8,valid
1692,7.6,0.09,0.626,0.563,0.46,47,81650,0.1,all,B_pairV2_x_P9_pi0,0,explore
1027,7.8,0.075,0.884,0.506,0.381,57,301870,0.43,all,B_pairV2_x_P9_pi0,0,valid
1499,8.0,0.071,0.64,0.571,0.461,92,81650,0.11,all,B_pairV2_x_P9_pi0,8,explore
946,8.1,0.064,0.906,0.51,0.38,52,301870,0.44,all,B_pairV2_x_P9_pi0,8,valid
1692,7.9,0.09,0.944,0.597,0.482,47,465330,0.37,all,B_pairV2_x_P14_pi0,0,explore
1027,8.2,0.075,0.841,0.482,0.363,57,301870,0.43,all,B_pairV2_x_P14_pi0,0,valid
1499,8.4,0.072,0.978,0.608,0.484,92,465330,0.38,all,B_pairV2_x_P14_pi0,8,explore
946,8.5,0.064,0.861,0.485,0.361,52,301870,0.44,all,B_pairV2_x_P14_pi0,8,valid
1707,11.1,0.175,0.532,0.489,0.441,26,81650,0.08,all,B_pairV3_x_P4_pi0,0,explore
1037,11.0,0.152,0.531,0.48,0.413,39,59150,0.1,all,B_pairV3_x_P4_pi0,0,valid
1512,11.3,0.141,0.543,0.496,0.442,32,81650,0.09,all,B_pairV3_x_P4_pi0,8,explore
955,11.2,0.134,0.545,0.49,0.418,34,59150,0.1,all,B_pairV3_x_P4_pi0,8,valid
1707,13.6,0.183,0.598,0.55,0.484,26,110710,0.08,all,B_pairV3_x_P5_pi0,0,explore
1037,13.6,0.16,0.606,0.504,0.431,33,144690,0.17,all,B_pairV3_x_P5_pi0,0,valid
1512,13.9,0.149,0.62,0.568,0.494,32,110710,0.08,all,B_pairV3_x_P5_pi0,8,explore
955,13.8,0.141,0.625,0.516,0.439,34,144690,0.18,all,B_pairV3_x_P5_pi0,8,valid
1707,16.0,0.189,0.605,0.562,0.491,26,116460,0.07,all,B_pairV3_x_P6_pi0,0,explore
1037,16.1,0.172,0.615,0.528,0.466,33,144690,0.14,all,B_pairV3_x_P6_pi0,0,valid
1512,16.6,0.156,0.624,0.577,0.501,32,116460,0.07,all,B_pairV3_x_P6_pi0,8,explore
955,16.5,0.154,0.632,0.539,0.475,32,144690,0.15,all,B_pairV3_x_P6_pi0,8,valid
1707,10.8,0.295,0.682,0.658,0.625,16,44660,0.04,all,C_V2xP2xP5_pi0,0,explore
1036,10.7,0.292,0.75,0.711,0.642,17,43410,0.05,all,C_V2xP2xP5_pi0,0,valid
1512,11.2,0.259,0.692,0.665,0.63,25,44660,0.04,all,C_V2xP2xP5_pi0,8,explore
954,11.0,0.269,0.755,0.714,0.641,18,43410,0.05,all,C_V2xP2xP5_pi0,8,valid
1707,13.8,0.323,0.665,0.611,0.579,16,126260,0.08,all,C_V2xP3xP5_pi0,0,explore
1037,13.6,0.319,0.697,0.655,0.594,16,59150,0.06,all,C_V2xP3xP5_pi0,0,valid
1512,14.2,0.283,0.677,0.618,0.583,25,126260,0.09,all,C_V2xP3xP5_pi0,8,explore
955,13.9,0.291,0.699,0.655,0.591,18,59150,0.06,all,C_V2xP3xP5_pi0,8,valid
925,14.6,0.495,0.672,0.639,0.593,8,44660,0.05,all,C_V2xP3xP6_pi0,0,explore
575,14.8,0.45,0.506,0.467,0.436,10,33800,0.08,all,C_V2xP3xP6_pi0,0,valid
753,15.1,0.45,0.709,0.67,0.616,9,44660,0.06,all,C_V2xP3xP6_pi0,8,explore
499,15.2,0.415,0.509,0.464,0.429,9,33800,0.09,all,C_V2xP3xP6_pi0,8,valid
662,14.7,0.55,0.609,0.578,0.54,7,30450,0.05,all,C_V2xP4xP6_pi0,0,explore
384,14.7,0.508,0.477,0.448,0.423,7,16640,0.06,all,C_V2xP4xP6_pi0,0,valid
498,15.0,0.492,0.659,0.618,0.569,8,30450,0.06,all,C_V2xP4xP6_pi0,8,explore
312,14.9,0.462,0.476,0.44,0.41,8,16640,0.08,all,C_V2xP4xP6_pi0,8,valid
1707,11.6,0.35,0.781,0.704,0.659,18,152520,0.1,all,C_V3xP2xP4_pi0,0,explore
1036,11.4,0.347,0.798,0.761,0.696,13,43410,0.05,all,C_V3xP2xP4_pi0,0,valid
1512,11.9,0.314,0.794,0.71,0.66,19,152520,0.11,all,C_V3xP2xP4_pi0,8,explore
954,11.7,0.32,0.801,0.762,0.693,14,43410,0.05,all,C_V3xP2xP4_pi0,8,valid
1410,14.8,0.445,0.662,0.635,0.592,8,55960,0.04,all,C_V3xP2xP5_pi0,0,explore
881,14.7,0.455,0.678,0.651,0.601,9,34030,0.04,all,C_V3xP2xP5_pi0,0,valid
1215,15.3,0.403,0.678,0.648,0.6,15,55960,0.04,all,C_V3xP2xP5_pi0,8,explore
799,15.1,0.422,0.674,0.646,0.592,9,34030,0.04,all,C_V3xP2xP5_pi0,8,valid
1707,13.7,0.369,0.787,0.721,0.648,16,152520,0.08,all,C_V3xP3xP4_pi0,0,explore
1036,13.5,0.358,0.725,0.694,0.639,13,43410,0.04,all,C_V3xP3xP4_pi0,0,valid
1512,14.2,0.333,0.803,0.732,0.652,16,152520,0.09,all,C_V3xP3xP4_pi0,8,explore
954,13.8,0.33,0.728,0.695,0.637,14,43410,0.05,all,C_V3xP3xP4_pi0,8,valid
782,14.6,0.554,0.562,0.535,0.496,9,31730,0.05,all,C_V3xP3xP5_pi0,0,explore
506,14.8,0.557,0.686,0.641,0.585,7,34030,0.07,all,C_V3xP3xP5_pi0,0,valid
603,15.0,0.496,0.595,0.56,0.511,9,31730,0.06,all,C_V3xP3xP5_pi0,8,explore
430,15.2,0.514,0.698,0.646,0.582,9,34030,0.07,all,C_V3xP3xP5_pi0,8,valid
629,9.8,0.421,0.668,0.619,0.58,12,30450,0.07,all,A_axisV1_x_P5_pi30,0,explore
399,9.8,0.393,0.782,0.694,0.588,9,34030,0.11,all,A_axisV1_x_P5_pi30,0,valid
544,9.9,0.377,0.701,0.644,0.6,13,30450,0.08,all,A_axisV1_x_P5_pi30,8,explore
363,9.9,0.375,0.813,0.718,0.602,11,34030,0.12,all,A_axisV1_x_P5_pi30,8,valid
629,14.5,0.466,0.598,0.564,0.518,9,30450,0.06,all,A_axisV1_x_P6_pi30,0,explore
399,14.5,0.461,0.858,0.799,0.698,8,34030,0.07,all,A_axisV1_x_P6_pi30,0,valid
544,14.9,0.423,0.623,0.585,0.533,9,30450,0.06,all,A_axisV1_x_P6_pi30,8,explore
363,14.8,0.444,0.895,0.831,0.722,8,34030,0.07,all,A_axisV1_x_P6_pi30,8,valid
947,6.9,0.383,0.679,0.659,0.628,13,13050,0.03,all,A_axisV2_x_P4_pi30,0,explore
621,6.7,0.354,0.811,0.729,0.629,12,34030,0.1,all,A_axisV2_x_P4_pi30,0,valid
822,6.8,0.333,0.694,0.671,0.634,13,13050,0.03,all,A_axisV2_x_P4_pi30,8,explore
569,6.7,0.32,0.8,0.711,0.601,12,34030,0.11,all,A_axisV2_x_P4_pi30,8,valid
947,11.6,0.456,0.615,0.587,0.564,11,30450,0.05,all,A_axisV2_x_P5_pi30,0,explore
621,11.3,0.417,0.762,0.713,0.63,10,34030,0.06,all,A_axisV2_x_P5_pi30,0,valid
822,11.6,0.408,0.634,0.602,0.575,13,30450,0.05,all,A_axisV2_x_P5_pi30,8,explore
569,11.4,0.387,0.778,0.726,0.635,10,34030,0.07,all,A_axisV2_x_P5_pi30,8,valid
1178,3.7,0.297,0.787,0.761,0.723,21,11540,0.03,all,A_axisV3_x_P3_pi30,0,explore
753,3.7,0.279,0.843,0.719,0.68,15,34030,0.15,all,A_axisV3_x_P3_pi30,0,valid
1021,3.7,0.264,0.796,0.765,0.722,25,11540,0.04,all,A_axisV3_x_P3_pi30,8,explore
689,3.7,0.248,0.837,0.702,0.66,23,34030,0.16,all,A_axisV3_x_P3_pi30,8,valid
1178,7.5,0.397,0.653,0.638,0.615,15,13050,0.02,all,A_axisV3_x_P4_pi30,0,explore
754,7.4,0.385,0.758,0.697,0.622,12,34030,0.08,all,A_axisV3_x_P4_pi30,0,valid
1021,7.5,0.352,0.665,0.648,0.621,16,13050,0.03,all,A_axisV3_x_P4_pi30,8,explore
690,7.4,0.351,0.753,0.686,0.605,12,34030,0.09,all,A_axisV3_x_P4_pi30,8,valid
281,5.7,0.292,0.681,0.626,0.557,12,8610,0.08,all,B_pairV2_x_P6_pi30,0,explore
162,5.7,0.222,1.07,0.65,0.377,24,38950,0.39,all,B_pairV2_x_P6_pi30,0,valid
229,6.0,0.262,0.709,0.647,0.566,14,8610,0.09,all,B_pairV2_x_P6_pi30,8,explore
141,6.0,0.206,1.138,0.675,0.373,20,38950,0.41,all,B_pairV2_x_P6_pi30,8,valid
281,6.8,0.299,0.574,0.529,0.472,12,8610,0.08,all,B_pairV2_x_P9_pi30,0,explore
162,7.1,0.228,0.904,0.566,0.346,24,38950,0.37,all,B_pairV2_x_P9_pi30,0,valid
229,7.4,0.271,0.584,0.533,0.468,14,8610,0.09,all,B_pairV2_x_P9_pi30,8,explore
141,7.6,0.213,0.943,0.578,0.34,20,38950,0.39,all,B_pairV2_x_P9_pi30,8,valid
281,6.9,0.299,0.562,0.518,0.462,12,8610,0.08,all,B_pairV2_x_P14_pi30,0,explore
162,7.3,0.228,0.883,0.553,0.338,24,38950,0.37,all,B_pairV2_x_P14_pi30,0,valid
229,7.6,0.271,0.57,0.521,0.457,14,8610,0.09,all,B_pairV2_x_P14_pi30,8,explore
141,7.8,0.213,0.92,0.564,0.332,20,38950,0.39,all,B_pairV2_x_P14_pi30,8,valid
531,5.4,0.307,0.684,0.644,0.594,14,11540,0.06,all,B_pairV3_x_P4_pi30,0,explore
343,5.3,0.257,0.646,0.558,0.476,16,15860,0.14,all,B_pairV3_x_P4_pi30,0,valid
449,5.5,0.263,0.703,0.656,0.598,16,11540,0.07,all,B_pairV3_x_P4_pi30,8,explore
307,5.3,0.225,0.642,0.544,0.453,19,15860,0.15,all,B_pairV3_x_P4_pi30,8,valid
531,6.8,0.32,0.64,0.58,0.524,14,21690,0.09,all,B_pairV3_x_P5_pi30,0,explore
343,6.7,0.265,0.594,0.525,0.438,16,15860,0.12,all,B_pairV3_x_P5_pi30,0,valid
449,6.9,0.276,0.657,0.587,0.523,16,21690,0.11,all,B_pairV3_x_P5_pi30,8,explore
307,6.8,0.235,0.594,0.517,0.422,19,15860,0.13,all,B_pairV3_x_P5_pi30,8,valid
531,8.0,0.331,0.583,0.533,0.486,14,21690,0.09,all,B_pairV3_x_P6_pi30,0,explore
343,8.0,0.286,0.739,0.597,0.49,13,38950,0.19,all,B_pairV3_x_P6_pi30,0,valid
449,8.4,0.29,0.59,0.533,0.479,16,21690,0.1,all,B_pairV3_x_P6_pi30,8,explore
307,8.2,0.257,0.751,0.597,0.481,19,38950,0.21,all,B_pairV3_x_P6_pi30,8,valid
946,4.7,0.329,0.748,0.723,0.686,14,11540,0.03,all,C_V2xP2xP5_pi30,0,explore
619,4.6,0.299,0.856,0.738,0.655,25,34030,0.14,all,C_V2xP2xP5_pi30,0,valid
821,4.8,0.287,0.758,0.728,0.687,13,11540,0.04,all,C_V2xP2xP5_pi30,8,explore
567,4.7,0.279,0.869,0.742,0.652,25,34030,0.15,all,C_V2xP2xP5_pi30,8,valid
947,6.1,0.367,0.695,0.673,0.638,13,13050,0.03,all,C_V2xP3xP5_pi30,0,explore
621,6.0,0.341,0.845,0.753,0.64,12,34030,0.11,all,C_V2xP3xP5_pi30,0,valid
822,6.1,0.32,0.7,0.674,0.634,13,13050,0.04,all,C_V2xP3xP5_pi30,8,explore
569,6.0,0.308,0.826,0.726,0.604,12,34030,0.12,all,C_V2xP3xP5_pi30,8,valid
947,8.7,0.417,0.628,0.612,0.588,13,13050,0.03,all,C_V2xP3xP6_pi30,0,explore
621,8.5,0.383,0.836,0.772,0.661,11,34030,0.08,all,C_V2xP3xP6_pi30,0,valid
822,8.8,0.372,0.637,0.619,0.591,13,13050,0.03,all,C_V2xP3xP6_pi30,8,explore
569,8.6,0.351,0.84,0.771,0.651,10,34030,0.08,all,C_V2xP3xP6_pi30,8,valid
947,10.5,0.446,0.598,0.585,0.564,13,13050,0.02,all,C_V2xP4xP6_pi30,0,explore
621,10.3,0.406,0.761,0.708,0.616,10,34030,0.07,all,C_V2xP4xP6_pi30,0,valid
822,10.5,0.397,0.614,0.599,0.575,13,13050,0.02,all,C_V2xP4xP6_pi30,8,explore
569,10.3,0.374,0.772,0.714,0.614,10,34030,0.08,all,C_V2xP4xP6_pi30,8,valid
1177,3.5,0.287,0.804,0.776,0.737,21,11540,0.03,all,C_V3xP2xP4_pi30,0,explore
753,3.6,0.275,0.872,0.747,0.698,15,34030,0.14,all,C_V3xP2xP4_pi30,0,valid
1020,3.7,0.257,0.804,0.773,0.729,25,11540,0.04,all,C_V3xP2xP4_pi30,8,explore
689,3.7,0.248,0.864,0.73,0.678,23,34030,0.16,all,C_V3xP2xP4_pi30,8,valid
1177,5.4,0.349,0.699,0.681,0.655,15,11540,0.03,all,C_V3xP2xP5_pi30,0,explore
754,5.4,0.349,0.829,0.746,0.687,14,34030,0.1,all,C_V3xP2xP5_pi30,0,valid
1020,5.5,0.312,0.708,0.688,0.659,20,11540,0.03,all,C_V3xP2xP5_pi30,8,explore
690,5.5,0.322,0.828,0.738,0.675,23,34030,0.11,all,C_V3xP2xP5_pi30,8,valid
1178,4.1,0.304,0.774,0.747,0.706,21,13050,0.03,all,C_V3xP3xP4_pi30,0,explore
753,4.1,0.288,0.827,0.717,0.669,15,34030,0.13,all,C_V3xP3xP4_pi30,0,valid
1021,4.2,0.272,0.78,0.75,0.703,25,13050,0.04,all,C_V3xP3xP4_pi30,8,explore
689,4.2,0.258,0.82,0.702,0.65,23,34030,0.14,all,C_V3xP3xP4_pi30,8,valid
1178,6.7,0.38,0.658,0.641,0.616,15,13050,0.03,all,C_V3xP3xP5_pi30,0,explore
754,6.7,0.377,0.804,0.737,0.654,12,34030,0.08,all,C_V3xP3xP5_pi30,0,valid
1021,6.8,0.339,0.667,0.648,0.619,16,13050,0.03,all,C_V3xP3xP5_pi30,8,explore
690,6.7,0.343,0.792,0.719,0.63,12,34030,0.09,all,C_V3xP3xP5_pi30,8,valid
119,4.3,0.185,0.891,0.779,0.612,16,5790,0.13,all,D_NoteHidden_P2P4,0,explore
90,4.4,0.156,0.837,0.654,0.419,21,7310,0.22,all,D_NoteHidden_P2P4,0,valid
119,4.3,0.185,0.891,0.779,0.612,16,5790,0.13,all,D_NoteHidden_P2P4,8,explore
90,4.4,0.156,0.837,0.654,0.419,21,7310,0.22,all,D_NoteHidden_P2P4,8,valid
