rid,a,b,pm,hit,payout,void
20260801_高知_02,1,6,0.3116,0,0,0
20260802_盛岡_01,2,9,0.379,1,110,0
20260802_盛岡_04,3,4,0.3155,1,270,0
20260802_船橋_03,2,5,0.3314,1,230,0
20260802_高知_05,2,6,0.3189,1,140,0
20260802_高知_09,4,5,0.3056,0,0,0
20260802_高知_10,2,8,0.4221,1,160,0
20260803_盛岡_03,1,5,0.3394,0,0,0
20260803_盛岡_11,4,5,0.3847,0,0,0
20260803_船橋_03,1,3,0.4293,0,0,0
20260803_金沢_01,1,5,0.3736,1,190,0
20260803_金沢_02,3,6,0.5382,1,100,0
20260803_金沢_04,1,2,0.3723,0,0,0
20260803_金沢_07,2,6,0.3207,1,320,0
20260804_盛岡_01,3,10,0.3431,1,180,0
20260804_盛岡_03,4,6,0.3089,0,0,0
20260804_盛岡_05,3,8,0.4429,0,0,0
20260804_船橋_01,2,4,0.3314,0,0,0
20260804_船橋_10,9,10,0.345,0,0,0
20260804_金沢_04,4,6,0.3066,1,210,0
20260804_金沢_07,3,5,0.3144,0,0,0
20260804_金沢_08,3,4,0.4356,0,0,0
20260804_門別_05,2,5,0.3259,1,210,0
20260804_門別_06,1,6,0.4435,0,0,0
20260804_門別_07,2,5,0.306,0,0,0
20260805_園田_04,5,8,0.3101,1,160,0
20260805_園田_09,1,6,0.5973,0,0,0
20260805_船橋_01,3,6,0.3714,0,0,0
20260805_船橋_03,2,4,0.4237,0,0,0
20260805_船橋_05,3,5,0.4096,0,0,0
20260805_船橋_07,6,8,0.3199,1,210,0
20260805_門別_04,5,6,0.3256,0,0,0
20260805_門別_07,2,4,0.4025,1,190,0
20260806_園田_02,2,6,0.322,0,0,0
20260806_園田_07,7,8,0.3204,1,180,0
20260806_園田_08,2,3,0.3592,1,170,0
20260806_園田_11,8,11,0.3081,1,220,0
20260806_船橋_01,3,6,0.3871,1,280,0
20260806_船橋_02,3,4,0.3691,1,220,0
20260806_船橋_04,5,7,0.3036,0,0,0
20260806_船橋_06,5,6,0.3273,0,0,0
20260806_船橋_07,2,5,0.5847,1,140,0
20260806_門別_03,1,6,0.3133,0,0,0
20260807_園田_02,3,7,0.4907,0,0,0
20260807_園田_03,1,7,0.396,1,130,0
20260807_園田_09,2,5,0.3096,0,0,0
20260807_浦和_03,4,7,0.3135,0,0,0
20260809_佐賀_05,7,9,0.3066,0,0,0
20260809_盛岡_11,8,11,0.3446,0,0,0
20260809_金沢_04,4,7,0.3799,1,160,0
20260809_金沢_05,3,9,0.3913,1,130,0
20260809_金沢_06,1,7,0.3476,0,0,0
20260809_金沢_08,1,5,0.3852,0,0,0
20260810_浦和_04,4,5,0.3683,0,0,0
20260810_盛岡_08,7,9,0.3212,0,0,0
20260810_金沢_02,7,8,0.3619,1,210,0
20260810_金沢_05,1,3,0.3001,1,230,0
20260810_金沢_09,1,5,0.3401,1,220,0
20260811_浦和_01,6,12,0.3024,0,0,0
20260811_浦和_06,4,6,0.3056,0,0,0
20260811_盛岡_01,5,6,0.3363,1,200,0
20260811_笠松_05,3,4,0.318,0,0,0
20260811_笠松_07,1,6,0.3772,0,0,0
20260811_門別_02,4,8,0.3186,0,0,0
20260811_門別_03,7,11,0.36,0,0,0
20260811_門別_09,2,8,0.3838,1,150,0
20260812_園田_08,2,5,0.3851,1,220,0
20260812_大井_02,2,5,0.4273,1,200,0
20260812_笠松_02,1,7,0.4313,1,160,0
20260812_笠松_08,3,6,0.3083,0,0,0
20260812_門別_02,6,7,0.3688,1,140,0
20260812_門別_11,3,4,0.3309,0,0,0
20260814_園田_03,8,10,0.3724,0,0,0
20260814_大井_09,1,2,0.3484,1,250,0
20260814_笠松_03,3,5,0.3996,0,0,0
20260814_笠松_04,2,5,0.4637,0,0,0
20260814_笠松_08,4,6,0.3404,0,0,0
20260814_笠松_09,1,8,0.3228,0,0,0
20260814_笠松_12,3,8,0.3126,0,0,0
20260815_佐賀_01,1,6,0.533,0,0,0
20260815_佐賀_02,2,4,0.4503,0,0,0
20260815_佐賀_07,7,10,0.3725,0,0,0
20260816_盛岡_02,7,8,0.3031,0,0,0
20260816_盛岡_11,3,5,0.4989,0,0,0
20260816_盛岡_12,3,4,0.4789,1,110,0
20260817_盛岡_05,5,7,0.3424,1,160,0
20260817_盛岡_06,2,4,0.318,0,0,0
20260817_盛岡_07,1,3,0.3045,0,0,0
20260817_金沢_03,5,7,0.4437,1,200,0
20260817_金沢_04,3,4,0.3429,0,0,0
20260817_金沢_07,3,7,0.324,1,230,0
20260817_金沢_08,1,3,0.4211,0,0,0
20260818_盛岡_01,1,4,0.4867,1,110,0
20260818_金沢_06,1,2,0.4776,0,0,0
20260818_門別_04,1,8,0.3244,0,0,0
20260819_名古屋_10,3,4,0.3155,1,160,0
20260819_園田_03,1,2,0.383,0,0,0
20260819_園田_07,6,8,0.334,0,0,0
20260819_川崎_02,1,4,0.3852,0,0,0
20260819_川崎_03,2,7,0.3891,1,160,0
20260819_川崎_10,8,12,0.3009,0,0,0
20260819_門別_09,5,7,0.34,0,0,0
20260820_名古屋_02,4,8,0.3246,0,0,0
20260820_名古屋_09,5,6,0.5647,1,120,0
20260820_園田_08,1,4,0.4069,0,0,0
20260820_門別_01,6,8,0.3,0,0,0
20260820_門別_09,6,7,0.3018,0,0,0
20260820_門別_11,1,9,0.3409,1,140,0
20260821_名古屋_03,4,11,0.3541,0,0,0
20260821_園田_01,6,9,0.417,1,120,0
20260821_園田_02,6,7,0.6052,1,130,0
20260821_園田_07,4,6,0.3702,1,130,0
20260821_園田_09,3,4,0.3059,1,160,0
20260821_川崎_02,1,11,0.3663,1,190,0
20260821_川崎_05,2,5,0.3231,1,210,0
20260822_佐賀_03,5,6,0.3008,1,270,0
20260822_佐賀_08,4,5,0.3166,0,0,0
20260823_佐賀_04,2,5,0.3455,0,0,0
20260823_金沢_01,1,2,0.4147,0,0,0
20260823_金沢_02,3,6,0.3718,0,0,0
20260823_金沢_07,4,8,0.3455,0,0,0
20260824_名古屋_04,2,3,0.4439,1,170,0
20260824_盛岡_05,1,2,0.3183,0,0,0
20260824_船橋_02,1,3,0.3119,0,0,0
20260824_船橋_03,5,8,0.449,1,160,0
20260824_船橋_07,4,8,0.3569,1,180,0
20260824_金沢_06,4,6,0.3525,1,210,0
20260825_盛岡_02,1,6,0.3145,0,0,0
20260825_笠松_01,2,3,0.3623,0,0,0
20260825_笠松_02,2,8,0.3653,1,190,0
20260825_笠松_05,3,8,0.3955,1,160,0
20260825_船橋_01,4,7,0.3941,0,0,0
20260825_船橋_03,2,3,0.469,1,160,0
20260825_船橋_08,5,10,0.3011,0,0,0
20260825_金沢_03,4,5,0.3013,1,230,0
20260825_金沢_05,3,7,0.3019,0,0,0
20260825_金沢_06,3,5,0.3164,0,0,0
20260825_金沢_07,1,7,0.3046,0,0,0
20260825_門別_09,1,7,0.3088,0,0,0
20260826_園田_02,1,5,0.3607,0,0,0
20260826_園田_03,1,6,0.3287,0,0,0
20260826_園田_05,2,10,0.4082,0,0,0
20260826_園田_09,4,6,0.4417,1,150,0
20260826_園田_10,1,3,0.3279,1,170,0
20260826_笠松_01,6,8,0.3002,1,210,0
20260826_笠松_02,1,7,0.3936,0,0,0
20260826_笠松_04,3,4,0.5249,1,140,0
20260826_笠松_07,3,5,0.3148,1,250,0
20260826_船橋_02,7,9,0.3623,1,140,0
20260826_門別_08,4,6,0.3079,0,0,0
20260826_門別_09,9,10,0.3038,0,0,0
20260826_門別_12,1,2,0.5023,1,140,0
20260827_園田_02,7,8,0.3698,0,0,0
20260827_園田_08,3,7,0.4482,0,0,0
20260827_園田_11,10,11,0.405,0,0,0
20260827_笠松_01,4,5,0.3222,0,0,0
20260827_笠松_02,3,6,0.3292,0,0,0
20260827_笠松_06,3,4,0.3676,0,0,0
20260827_笠松_08,2,5,0.3863,1,160,0
20260827_笠松_09,2,6,0.3214,0,0,0
20260827_笠松_11,1,7,0.3733,0,0,0
20260827_船橋_03,2,3,0.3158,0,0,0
20260827_船橋_04,2,6,0.326,1,170,0
20260827_船橋_11,2,3,0.3107,0,0,0
20260827_門別_08,3,6,0.3757,1,200,0
20260828_園田_08,1,7,0.3906,1,140,0
20260828_笠松_09,7,9,0.3539,1,190,0
20260828_船橋_01,4,6,0.3563,0,0,0
20260828_船橋_05,1,6,0.4916,0,0,0
20260829_佐賀_03,1,3,0.345,1,170,0
20260829_佐賀_07,3,5,0.3521,1,200,0
20260830_佐賀_04,3,6,0.3794,0,0,0
20260830_佐賀_05,3,9,0.3508,1,170,0
20260830_盛岡_03,6,8,0.3183,0,0,0
20260831_大井_03,5,6,0.4104,0,0,0
20260831_大井_04,1,6,0.3898,1,160,0
20260831_金沢_03,1,5,0.3048,1,330,0
20260831_金沢_05,1,5,0.3735,0,0,0
20260831_金沢_11,1,6,0.3075,1,410,0
20260902_名古屋_06,6,7,0.3039,1,260,0
20260902_園田_03,3,6,0.6931,1,100,0
20260902_園田_07,6,10,0.455,1,130,0
20260902_園田_08,2,7,0.3797,0,0,0
20260902_門別_05,4,6,0.3598,0,0,0
20260902_門別_11,5,9,0.3667,0,0,0
20260903_佐賀_09,3,9,0.3333,0,0,0
20260903_名古屋_02,5,9,0.3163,1,150,0
20260903_園田_03,2,7,0.4478,0,0,0
20260903_園田_08,2,3,0.5155,1,190,0
20260903_大井_01,4,6,0.3167,0,0,0
20260903_大井_04,3,7,0.3945,0,0,0
20260904_大井_04,6,7,0.3051,0,0,0
20260904_大井_05,2,3,0.5097,1,140,0
20260904_大井_08,1,4,0.4042,1,210,0
20260905_佐賀_01,3,5,0.3236,1,180,0
20260905_佐賀_05,10,11,0.3708,0,0,0
20260905_佐賀_10,7,9,0.3699,0,0,0
20260905_高知_02,2,4,0.3273,0,0,0
20260905_高知_07,1,8,0.3393,0,0,0
20260906_佐賀_04,7,9,0.3745,0,0,0
20260906_佐賀_07,2,4,0.5411,1,110,0
20260906_水沢_09,2,8,0.3536,0,0,0
20260906_金沢_08,4,8,0.3391,1,220,0
20260906_高知_01,3,5,0.3424,0,0,0
20260906_高知_03,5,9,0.3768,1,130,0
20260906_高知_06,3,9,0.3001,1,200,0
20260906_高知_11,3,5,0.3149,0,0,0
20260907_川崎_04,2,3,0.3338,1,210,0
20260908_水沢_07,1,7,0.3945,0,0,0
20260908_笠松_01,2,9,0.3176,1,250,0
20260908_笠松_05,5,7,0.3675,0,0,0
20260908_金沢_08,7,8,0.4319,0,0,0
20260909_園田_02,1,2,0.4822,1,140,0
20260909_川崎_05,9,11,0.317,0,0,0
20260909_門別_02,2,4,0.4803,0,0,0
20260909_門別_12,3,5,0.5549,1,100,0
20260910_川崎_04,8,10,0.304,0,0,0
20260910_笠松_02,3,6,0.5121,0,0,0
20260910_笠松_03,5,7,0.3461,1,150,0
20260910_笠松_04,2,5,0.3827,1,170,0
20260910_笠松_06,1,5,0.3217,0,0,0
20260910_門別_06,3,8,0.4206,1,170,0
20260910_門別_11,4,6,0.5211,0,0,0
20260911_園田_04,2,3,0.3409,1,220,0
20260911_園田_06,2,4,0.3706,0,0,0
20260911_園田_07,5,7,0.4402,0,0,0
20260911_川崎_02,2,7,0.3551,1,190,0
20260911_川崎_03,3,4,0.4403,0,0,0
20260911_川崎_07,5,7,0.3421,0,0,0
20260911_笠松_02,2,7,0.4441,0,0,0
20260911_笠松_06,3,6,0.3303,0,0,0
20260912_佐賀_03,6,9,0.333,1,160,0
20260912_高知_02,3,10,0.3057,1,270,0
20260912_高知_07,8,9,0.3628,1,150,0
20260913_金沢_01,6,8,0.3443,0,0,0
20260913_金沢_02,6,10,0.3396,1,130,0
20260913_金沢_11,3,6,0.5533,0,0,0
20260913_高知_06,1,2,0.3085,1,160,0
20260913_高知_09,6,9,0.3096,1,190,0
20260913_高知_11,2,7,0.3846,0,0,0
20260914_水沢_02,3,6,0.342,0,0,0
20260915_名古屋_06,3,6,0.3995,1,220,0
20260915_名古屋_07,1,4,0.3309,0,0,0
20260915_水沢_01,4,10,0.3496,0,0,0
20260915_水沢_03,2,3,0.3057,1,180,0
20260915_金沢_04,1,11,0.3025,0,0,0
20260915_金沢_10,4,6,0.3142,0,0,0
20260915_門別_01,8,9,0.3451,0,0,0
20260916_園田_03,1,5,0.5028,0,0,0
20260916_門別_03,3,7,0.469,0,0,0
20260916_門別_04,5,7,0.343,0,0,0
20260916_門別_09,3,9,0.3153,1,250,0
20260917_名古屋_08,2,4,0.5621,1,130,0
20260917_園田_02,1,2,0.4493,1,140,0
20260917_大井_07,1,5,0.5193,1,130,0
20260918_名古屋_03,1,8,0.352,0,0,0
20260918_園田_02,6,7,0.3506,1,190,0
20260918_園田_03,5,7,0.3434,1,250,0
20260918_大井_01,4,7,0.3072,1,260,0
20260918_大井_06,3,4,0.4601,0,0,0
20260918_大井_07,8,9,0.3515,0,0,0
20260919_佐賀_07,2,9,0.302,1,240,0
20260920_佐賀_08,1,7,0.3794,0,0,0
20260920_高知_04,5,6,0.3957,0,0,0
20260921_金沢_07,1,7,0.3079,0,0,0
20260922_水沢_11,1,4,0.3529,0,0,0
20260922_笠松_08,1,6,0.3568,0,0,0
20260922_笠松_11,7,9,0.3187,0,0,0
20260922_高知_05,4,9,0.3682,0,0,0
20260922_高知_07,1,5,0.3318,0,0,0
20260922_高知_10,2,7,0.3392,0,0,0
20260923_笠松_02,1,4,0.3423,1,200,0
20260923_笠松_03,6,7,0.4248,0,0,0
20260923_笠松_10,4,8,0.3162,0,0,0
20260924_浦和_03,4,5,0.3352,1,140,0
20260924_笠松_03,4,5,0.4593,0,0,0
20260924_笠松_04,4,7,0.4099,1,150,0
20260924_笠松_05,1,8,0.3011,0,0,0
20260924_門別_05,7,9,0.3872,1,260,0
20260924_門別_06,5,7,0.3453,1,170,0
20260926_佐賀_01,5,8,0.3044,0,0,0
20260926_佐賀_03,2,3,0.4027,0,0,0
20260926_佐賀_10,7,9,0.362,0,0,0
20260926_高知_02,6,9,0.3081,1,290,0
20260926_高知_06,3,8,0.3383,1,170,0
20260926_高知_08,8,10,0.3476,0,0,0
20260926_高知_09,5,8,0.3136,0,0,0
20260927_佐賀_05,1,5,0.4929,1,110,0
20260927_高知_07,9,11,0.3573,0,0,0
