label,races,pts,hit,roi,roi_ex1,roi_ex3,exp_hit,profit,maxpay,med_hit_pay,stage,k,e,c
,1010,1.0,0.221,0.683,0.67,0.645,0.225,-32000.0,1340.0,270.0,A,1,0.0,0.0
,179,1.0,0.419,0.774,0.751,0.715,0.367,-4050.0,410.0,170.0,A,1,0.0,0.3
,17,1.0,0.529,0.676,0.582,0.418,0.515,-550.0,160.0,130.0,A,1,0.0,0.45
,1,1.0,1.0,1.3,0.0,0.0,0.605,30.0,130.0,130.0,A,1,0.0,0.6
,275,1.0,0.113,0.578,0.531,0.456,0.179,-11600.0,1290.0,490.0,A,1,1.0,0.0
,13,1.0,0.231,0.638,0.323,0.0,0.338,-470.0,410.0,230.0,A,1,1.0,0.3
,1,1.0,0.0,0.0,0.0,0.0,0.499,-100.0,0.0,0.0,A,1,1.0,0.45
,0,,,,,,,,,,A,1,1.0,0.6
,184,1.0,0.087,0.529,0.459,0.347,0.171,-8670.0,1290.0,550.0,A,1,1.1,0.0
,8,1.0,0.25,0.75,0.238,0.0,0.321,-200.0,410.0,300.0,A,1,1.1,0.3
,0,,,,,,,,,,A,1,1.1,0.45
,0,,,,,,,,,,A,1,1.1,0.6
,115,1.0,0.07,0.537,0.424,0.245,0.164,-5330.0,1290.0,675.0,A,1,1.2,0.0
,5,1.0,0.2,0.82,0.0,0.0,0.317,-90.0,410.0,410.0,A,1,1.2,0.3
,0,,,,,,,,,,A,1,1.2,0.45
,0,,,,,,,,,,A,1,1.2,0.6
,74,1.0,0.081,0.651,0.477,0.199,0.164,-2580.0,1290.0,705.0,A,1,1.3,0.0
,5,1.0,0.2,0.82,0.0,0.0,0.317,-90.0,410.0,410.0,A,1,1.3,0.3
,0,,,,,,,,,,A,1,1.3,0.45
,0,,,,,,,,,,A,1,1.3,0.6
,1011,2.0,0.362,0.701,0.694,0.681,0.366,-60320.0,1440.0,330.0,A,2,0.0,0.0
,708,2.0,0.422,0.704,0.696,0.683,0.417,-41920.0,1010.0,290.0,A,2,0.0,0.3
,218,2.0,0.596,0.781,0.764,0.732,0.529,-9560.0,730.0,220.0,A,2,0.0,0.45
,29,2.0,0.69,0.905,0.779,0.55,0.662,-550.0,730.0,200.0,A,2,0.0,0.6
,559,1.21,0.131,0.651,0.629,0.592,0.182,-23550.0,1440.0,550.0,A,2,1.0,0.0
,345,1.13,0.139,0.667,0.641,0.593,0.198,-13030.0,1010.0,525.0,A,2,1.0,0.3
,84,1.0,0.119,0.527,0.44,0.28,0.211,-3970.0,730.0,375.0,A,2,1.0,0.45
,11,1.0,0.273,1.609,0.945,0.0,0.186,670.0,730.0,720.0,A,2,1.0,0.6
,391,1.16,0.095,0.573,0.542,0.486,0.171,-19280.0,1440.0,610.0,A,2,1.1,0.0
,233,1.09,0.094,0.522,0.484,0.413,0.186,-12090.0,970.0,600.0,A,2,1.1,0.3
,57,1.0,0.088,0.419,0.291,0.093,0.203,-3310.0,730.0,410.0,A,2,1.1,0.45
,9,1.0,0.222,1.611,0.8,0.0,0.16,550.0,730.0,725.0,A,2,1.1,0.6
,275,1.12,0.076,0.526,0.479,0.398,0.16,-14650.0,1440.0,720.0,A,2,1.2,0.0
,154,1.07,0.065,0.384,0.325,0.23,0.176,-10160.0,970.0,610.0,A,2,1.2,0.3
,39,1.0,0.051,0.29,0.105,0.0,0.189,-2770.0,720.0,565.0,A,2,1.2,0.45
,7,1.0,0.143,1.029,0.0,0.0,0.154,20.0,720.0,720.0,A,2,1.2,0.6
,190,1.08,0.084,0.613,0.543,0.421,0.152,-7970.0,1440.0,665.0,A,2,1.3,0.0
,102,1.06,0.088,0.532,0.443,0.296,0.172,-5050.0,970.0,610.0,A,2,1.3,0.3
,29,1.0,0.069,0.39,0.141,0.0,0.194,-1770.0,720.0,565.0,A,2,1.3,0.45
,6,1.0,0.167,1.2,0.0,0.0,0.15,120.0,720.0,720.0,A,2,1.3,0.6
,1011,3.0,0.463,0.709,0.703,0.694,0.471,-88160.0,1670.0,385.0,A,3,0.0,0.0
,944,3.0,0.486,0.728,0.722,0.712,0.487,-76920.0,1670.0,380.0,A,3,0.0,0.3
,536,2.99,0.601,0.78,0.77,0.751,0.565,-35250.0,1670.0,320.0,A,3,0.0,0.45
,155,3.0,0.716,0.76,0.732,0.689,0.675,-11160.0,1290.0,260.0,A,3,0.0,0.6
,754,1.48,0.151,0.709,0.694,0.668,0.195,-32540.0,1670.0,600.0,A,3,1.0,0.0
,693,1.45,0.16,0.751,0.734,0.705,0.198,-25020.0,1670.0,590.0,A,3,1.0,0.3
,361,1.31,0.155,0.771,0.736,0.673,0.201,-10800.0,1670.0,525.0,A,3,1.0,0.45
,96,1.28,0.167,0.711,0.607,0.466,0.225,-3550.0,1290.0,480.0,A,3,1.0,0.6
,547,1.34,0.104,0.597,0.577,0.539,0.174,-29550.0,1520.0,730.0,A,3,1.1,0.0
,501,1.31,0.112,0.65,0.627,0.584,0.177,-22940.0,1520.0,725.0,A,3,1.1,0.3
,255,1.2,0.09,0.511,0.462,0.379,0.18,-15000.0,1520.0,590.0,A,3,1.1,0.45
,71,1.23,0.113,0.592,0.444,0.249,0.21,-3550.0,1290.0,615.0,A,3,1.1,0.6
,390,1.28,0.082,0.555,0.525,0.469,0.161,-22140.0,1520.0,825.0,A,3,1.2,0.0
,354,1.25,0.088,0.595,0.561,0.498,0.165,-17930.0,1520.0,810.0,A,3,1.2,0.3
,171,1.18,0.076,0.533,0.458,0.33,0.168,-9380.0,1520.0,720.0,A,3,1.2,0.45
,47,1.28,0.085,0.563,0.348,0.068,0.203,-2620.0,1290.0,840.0,A,3,1.2,0.6
,266,1.23,0.086,0.611,0.565,0.479,0.154,-12670.0,1520.0,840.0,A,3,1.3,0.0
,236,1.21,0.093,0.654,0.601,0.503,0.159,-9860.0,1520.0,825.0,A,3,1.3,0.3
,108,1.15,0.083,0.548,0.425,0.256,0.169,-5610.0,1520.0,610.0,A,3,1.3,0.45
,39,1.23,0.077,0.504,0.235,0.0,0.196,-2380.0,1290.0,720.0,A,3,1.3,0.6
,1011,5.0,0.594,0.697,0.691,0.681,0.612,-153170.0,3080.0,475.0,A,5,0.0,0.0
,1005,5.0,0.597,0.698,0.692,0.683,0.614,-151510.0,3080.0,470.0,A,5,0.0,0.3
,917,4.99,0.632,0.722,0.716,0.705,0.635,-127160.0,3080.0,460.0,A,5,0.0,0.45
,541,4.99,0.754,0.768,0.756,0.739,0.707,-62690.0,3080.0,380.0,A,5,0.0,0.6
,938,2.25,0.171,0.662,0.647,0.625,0.23,-71510.0,3080.0,775.0,A,5,1.0,0.0
,932,2.25,0.172,0.668,0.653,0.631,0.23,-69610.0,3080.0,775.0,A,5,1.0,0.3
,845,2.16,0.175,0.688,0.672,0.646,0.23,-56960.0,3080.0,745.0,A,5,1.0,0.45
,486,1.95,0.171,0.723,0.691,0.645,0.221,-26240.0,3080.0,630.0,A,5,1.0,0.6
,782,1.86,0.109,0.577,0.556,0.525,0.185,-61400.0,3080.0,900.0,A,5,1.1,0.0
,776,1.85,0.11,0.584,0.562,0.53,0.185,-59800.0,3080.0,900.0,A,5,1.1,0.3
,701,1.78,0.11,0.6,0.576,0.539,0.185,-49930.0,3080.0,890.0,A,5,1.1,0.45
,388,1.62,0.103,0.607,0.558,0.487,0.178,-24660.0,3080.0,725.0,A,5,1.1,0.6
,628,1.59,0.086,0.616,0.585,0.539,0.155,-38450.0,3080.0,1070.0,A,5,1.2,0.0
,625,1.59,0.086,0.619,0.588,0.541,0.155,-37950.0,3080.0,1070.0,A,5,1.2,0.3
,559,1.55,0.084,0.614,0.578,0.525,0.156,-33390.0,3080.0,970.0,A,5,1.2,0.45
,307,1.39,0.078,0.649,0.577,0.474,0.146,-14980.0,3080.0,1035.0,A,5,1.2,0.6
,458,1.44,0.083,0.679,0.633,0.564,0.139,-21160.0,3080.0,1180.0,A,5,1.3,0.0
,456,1.44,0.083,0.682,0.636,0.566,0.139,-20860.0,3080.0,1180.0,A,5,1.3,0.3
,404,1.39,0.079,0.661,0.607,0.526,0.139,-19030.0,3080.0,1000.0,A,5,1.3,0.45
,213,1.29,0.085,0.821,0.709,0.549,0.135,-4930.0,3080.0,1205.0,A,5,1.3,0.6
,1011,8.99,0.731,0.662,0.655,0.644,0.769,-307190.0,6730.0,570.0,A,9,0.0,0.0
,1011,8.99,0.731,0.662,0.655,0.644,0.769,-307190.0,6730.0,570.0,A,9,0.0,0.3
,1006,8.99,0.731,0.657,0.65,0.639,0.771,-309830.0,6730.0,570.0,A,9,0.0,0.45
,941,8.99,0.753,0.663,0.655,0.644,0.787,-284840.0,6730.0,560.0,A,9,0.0,0.6
,995,4.05,0.206,0.597,0.584,0.563,0.293,-162310.0,5440.0,900.0,A,9,1.0,0.0
,995,4.05,0.206,0.597,0.584,0.563,0.293,-162310.0,5440.0,900.0,A,9,1.0,0.3
,990,4.04,0.206,0.596,0.582,0.562,0.293,-161720.0,5440.0,900.0,A,9,1.0,0.45
,925,3.93,0.201,0.586,0.571,0.55,0.29,-150520.0,5440.0,895.0,A,9,1.0,0.6
,962,3.01,0.126,0.598,0.58,0.551,0.21,-116290.0,5440.0,1190.0,A,9,1.1,0.0
,962,3.01,0.126,0.598,0.58,0.551,0.21,-116290.0,5440.0,1190.0,A,9,1.1,0.3
,957,3.0,0.126,0.603,0.584,0.555,0.21,-114090.0,5440.0,1190.0,A,9,1.1,0.45
,893,2.92,0.123,0.602,0.581,0.551,0.208,-103970.0,5440.0,1165.0,A,9,1.1,0.6
,853,2.37,0.095,0.647,0.62,0.579,0.162,-71330.0,5440.0,1330.0,A,9,1.2,0.0
,853,2.37,0.095,0.647,0.62,0.579,0.162,-71330.0,5440.0,1330.0,A,9,1.2,0.3
,849,2.37,0.095,0.65,0.623,0.583,0.162,-70230.0,5440.0,1330.0,A,9,1.2,0.45
,792,2.31,0.088,0.626,0.596,0.553,0.16,-68510.0,5440.0,1320.0,A,9,1.2,0.6
,701,1.99,0.08,0.689,0.65,0.592,0.132,-43290.0,5440.0,1430.0,A,9,1.3,0.0
,701,1.99,0.08,0.689,0.65,0.592,0.132,-43290.0,5440.0,1430.0,A,9,1.3,0.3
,697,1.99,0.08,0.693,0.654,0.595,0.132,-42490.0,5440.0,1430.0,A,9,1.3,0.45
,648,1.94,0.073,0.657,0.613,0.551,0.13,-43080.0,5440.0,1440.0,A,9,1.3,0.6
,962,1.0,0.209,0.668,0.659,0.643,0.21,-31950.0,830.0,280.0,B,1,0.0,0.0
,110,1.0,0.409,0.742,0.715,0.667,0.378,-2840.0,290.0,170.0,B,1,0.0,0.3
,18,1.0,0.556,0.711,0.606,0.45,0.516,-520.0,190.0,130.0,B,1,0.0,0.45
,1,1.0,1.0,1.0,0.0,0.0,0.693,0.0,100.0,100.0,B,1,0.0,0.6
,239,1.0,0.113,0.535,0.501,0.438,0.179,-11110.0,820.0,420.0,B,1,1.0,0.0
,6,1.0,0.167,0.433,0.0,0.0,0.395,-340.0,260.0,260.0,B,1,1.0,0.3
,2,1.0,0.0,0.0,0.0,0.0,0.465,-200.0,0.0,0.0,B,1,1.0,0.45
,0,,,,,,,,,,B,1,1.0,0.6
,165,1.0,0.121,0.53,0.484,0.412,0.179,-7760.0,750.0,410.0,B,1,1.1,0.0
,5,1.0,0.2,0.52,0.0,0.0,0.412,-240.0,260.0,260.0,B,1,1.1,0.3
,2,1.0,0.0,0.0,0.0,0.0,0.465,-200.0,0.0,0.0,B,1,1.1,0.45
,0,,,,,,,,,,B,1,1.1,0.6
,105,1.0,0.086,0.416,0.345,0.23,0.175,-6130.0,750.0,540.0,B,1,1.2,0.0
,3,1.0,0.333,0.867,0.0,0.0,0.429,-40.0,260.0,260.0,B,1,1.2,0.3
,1,1.0,0.0,0.0,0.0,0.0,0.469,-100.0,0.0,0.0,B,1,1.2,0.45
,0,,,,,,,,,,B,1,1.2,0.6
,65,1.0,0.062,0.255,0.165,0.04,0.159,-4840.0,590.0,405.0,B,1,1.3,0.0
,0,,,,,,,,,,B,1,1.3,0.3
,0,,,,,,,,,,B,1,1.3,0.45
,0,,,,,,,,,,B,1,1.3,0.6
,964,2.0,0.353,0.709,0.701,0.689,0.343,-56110.0,1380.0,370.0,B,2,0.0,0.0
,627,2.0,0.431,0.769,0.758,0.739,0.4,-28960.0,1380.0,320.0,B,2,0.0,0.3
,140,2.0,0.564,0.84,0.805,0.748,0.522,-4480.0,990.0,240.0,B,2,0.0,0.45
,20,2.0,0.8,0.962,0.752,0.545,0.671,-150.0,840.0,170.0,B,2,0.0,0.6
,512,1.2,0.121,0.563,0.541,0.504,0.176,-26780.0,1380.0,535.0,B,2,1.0,0.0
,298,1.11,0.158,0.72,0.678,0.625,0.194,-9280.0,1380.0,460.0,B,2,1.0,0.3
,56,1.05,0.232,1.215,1.047,0.802,0.214,1270.0,990.0,460.0,B,2,1.0,0.45
,8,1.0,0.125,0.538,0.0,0.0,0.226,-370.0,430.0,430.0,B,2,1.0,0.6
,377,1.15,0.111,0.546,0.514,0.463,0.166,-19700.0,1380.0,545.0,B,2,1.1,0.0
,206,1.1,0.15,0.717,0.656,0.579,0.192,-6390.0,1380.0,460.0,B,2,1.1,0.3
,34,1.06,0.235,1.397,1.122,0.719,0.228,1430.0,990.0,640.0,B,2,1.1,0.45
,4,1.0,0.0,0.0,0.0,0.0,0.283,-400.0,0.0,0.0,B,2,1.1,0.6
,257,1.11,0.089,0.503,0.454,0.376,0.158,-14120.0,1380.0,590.0,B,2,1.2,0.0
,133,1.07,0.113,0.579,0.482,0.38,0.187,-5980.0,1380.0,480.0,B,2,1.2,0.3
,24,1.0,0.25,1.417,1.104,0.546,0.221,1000.0,750.0,615.0,B,2,1.2,0.45
,3,1.0,0.0,0.0,0.0,0.0,0.224,-300.0,0.0,0.0,B,2,1.2,0.6
,189,1.09,0.074,0.443,0.376,0.287,0.145,-11480.0,1380.0,620.0,B,2,1.3,0.0
,92,1.04,0.109,0.638,0.494,0.343,0.168,-3480.0,1380.0,560.0,B,2,1.3,0.3
,16,1.0,0.312,1.962,1.494,0.656,0.182,1540.0,750.0,640.0,B,2,1.3,0.45
,2,1.0,0.0,0.0,0.0,0.0,0.194,-200.0,0.0,0.0,B,2,1.3,0.6
,964,2.99,0.454,0.711,0.706,0.696,0.443,-83510.0,1420.0,420.0,B,3,0.0,0.0
,857,2.99,0.487,0.736,0.73,0.719,0.466,-67740.0,1420.0,410.0,B,3,0.0,0.3
,439,2.99,0.569,0.749,0.739,0.718,0.544,-32910.0,1420.0,340.0,B,3,0.0,0.45
,85,3.0,0.765,0.865,0.81,0.725,0.681,-3430.0,1420.0,250.0,B,3,0.0,0.6
,700,1.5,0.134,0.609,0.595,0.568,0.189,-40980.0,1420.0,625.0,B,3,1.0,0.0
,613,1.46,0.144,0.647,0.632,0.6,0.195,-31670.0,1420.0,600.0,B,3,1.0,0.3
,297,1.35,0.155,0.755,0.72,0.653,0.204,-9840.0,1420.0,595.0,B,3,1.0,0.45
,57,1.28,0.246,1.316,1.122,0.825,0.21,2310.0,1420.0,595.0,B,3,1.0,0.6
,551,1.36,0.12,0.609,0.591,0.553,0.17,-29370.0,1420.0,640.0,B,3,1.1,0.0
,481,1.33,0.127,0.642,0.62,0.576,0.175,-22970.0,1420.0,610.0,B,3,1.1,0.3
,220,1.27,0.141,0.751,0.7,0.606,0.191,-6980.0,1420.0,640.0,B,3,1.1,0.45
,39,1.31,0.205,1.273,0.994,0.569,0.216,1390.0,1420.0,640.0,B,3,1.1,0.6
,392,1.27,0.11,0.678,0.649,0.593,0.155,-16060.0,1420.0,700.0,B,3,1.2,0.0
,336,1.25,0.113,0.691,0.658,0.591,0.162,-12960.0,1420.0,680.0,B,3,1.2,0.3
,149,1.21,0.128,0.811,0.733,0.588,0.181,-3420.0,1420.0,700.0,B,3,1.2,0.45
,30,1.23,0.2,1.314,0.93,0.438,0.205,1160.0,1420.0,620.0,B,3,1.2,0.6
,290,1.23,0.093,0.631,0.591,0.514,0.143,-13140.0,1420.0,750.0,B,3,1.3,0.0
,245,1.2,0.094,0.641,0.593,0.5,0.148,-10590.0,1420.0,750.0,B,3,1.3,0.3
,101,1.18,0.119,0.826,0.71,0.507,0.16,-2070.0,1380.0,725.0,B,3,1.3,0.45
,19,1.26,0.211,1.183,0.692,0.179,0.177,440.0,1180.0,615.0,B,3,1.3,0.6
,965,4.98,0.589,0.71,0.704,0.693,0.58,-139660.0,2810.0,490.0,B,5,0.0,0.0
,957,4.98,0.59,0.708,0.702,0.691,0.583,-139450.0,2810.0,490.0,B,5,0.0,0.3
,817,4.98,0.636,0.741,0.734,0.722,0.614,-105280.0,2810.0,470.0,B,5,0.0,0.45
,428,4.98,0.72,0.739,0.726,0.705,0.688,-55600.0,2810.0,410.0,B,5,0.0,0.6
,897,2.18,0.158,0.646,0.632,0.606,0.217,-69210.0,2810.0,755.0,B,5,1.0,0.0
,889,2.18,0.16,0.653,0.638,0.612,0.218,-67210.0,2810.0,755.0,B,5,1.0,0.3
,756,2.11,0.172,0.722,0.704,0.672,0.22,-44270.0,2810.0,755.0,B,5,1.0,0.45
,394,1.94,0.168,0.723,0.686,0.627,0.219,-21240.0,2810.0,695.0,B,5,1.0,0.6
,783,1.83,0.132,0.667,0.647,0.614,0.179,-47740.0,2810.0,780.0,B,5,1.1,0.0
,775,1.83,0.133,0.675,0.655,0.621,0.179,-46040.0,2810.0,780.0,B,5,1.1,0.3
,655,1.76,0.142,0.741,0.717,0.676,0.182,-29960.0,2810.0,780.0,B,5,1.1,0.45
,335,1.64,0.14,0.734,0.683,0.618,0.182,-14570.0,2810.0,740.0,B,5,1.1,0.6
,612,1.62,0.111,0.7,0.671,0.624,0.154,-29790.0,2810.0,910.0,B,5,1.2,0.0
,606,1.62,0.112,0.707,0.678,0.63,0.155,-28790.0,2810.0,910.0,B,5,1.2,0.3
,505,1.58,0.117,0.755,0.72,0.66,0.159,-19520.0,2810.0,900.0,B,5,1.2,0.45
,243,1.49,0.132,0.815,0.737,0.639,0.163,-6720.0,2810.0,780.0,B,5,1.2,0.6
,482,1.5,0.095,0.715,0.676,0.61,0.137,-20610.0,2810.0,1035.0,B,5,1.3,0.0
,476,1.5,0.097,0.722,0.682,0.616,0.138,-19910.0,2810.0,1035.0,B,5,1.3,0.3
,392,1.47,0.102,0.785,0.736,0.654,0.141,-12390.0,2810.0,1035.0,B,5,1.3,0.45
,184,1.4,0.103,0.754,0.645,0.514,0.142,-6340.0,2810.0,920.0,B,5,1.3,0.6
,965,8.97,0.727,0.67,0.663,0.654,0.739,-285940.0,5260.0,610.0,B,9,0.0,0.0
,965,8.97,0.727,0.67,0.663,0.654,0.739,-285940.0,5260.0,610.0,B,9,0.0,0.3
,960,8.97,0.73,0.671,0.665,0.655,0.741,-283290.0,5260.0,610.0,B,9,0.0,0.45
,850,8.96,0.76,0.67,0.663,0.653,0.765,-251090.0,5260.0,575.0,B,9,0.0,0.6
,961,4.17,0.211,0.624,0.615,0.597,0.288,-150620.0,3650.0,1010.0,B,9,1.0,0.0
,961,4.17,0.211,0.624,0.615,0.597,0.288,-150620.0,3650.0,1010.0,B,9,1.0,0.3
,956,4.16,0.212,0.628,0.619,0.601,0.288,-147920.0,3650.0,1010.0,B,9,1.0,0.45
,846,4.08,0.219,0.645,0.634,0.615,0.289,-122440.0,3650.0,985.0,B,9,1.0,0.6
,938,3.22,0.16,0.643,0.631,0.607,0.217,-107800.0,3650.0,1080.0,B,9,1.1,0.0
,938,3.22,0.16,0.643,0.631,0.607,0.217,-107800.0,3650.0,1080.0,B,9,1.1,0.3
,933,3.21,0.161,0.648,0.636,0.612,0.217,-105500.0,3650.0,1080.0,B,9,1.1,0.45
,824,3.17,0.163,0.648,0.634,0.607,0.218,-92030.0,3650.0,1020.0,B,9,1.1,0.6
,859,2.55,0.118,0.644,0.627,0.595,0.165,-77960.0,3650.0,1150.0,B,9,1.2,0.0
,859,2.55,0.118,0.644,0.627,0.595,0.165,-77960.0,3650.0,1150.0,B,9,1.2,0.3
,854,2.55,0.118,0.648,0.632,0.599,0.166,-76460.0,3650.0,1150.0,B,9,1.2,0.45
,754,2.51,0.121,0.661,0.641,0.605,0.167,-64260.0,3650.0,1150.0,B,9,1.2,0.6
,745,2.18,0.093,0.639,0.617,0.577,0.137,-58560.0,3600.0,1260.0,B,9,1.3,0.0
,745,2.18,0.093,0.639,0.617,0.577,0.137,-58560.0,3600.0,1260.0,B,9,1.3,0.3
,740,2.18,0.093,0.644,0.621,0.581,0.137,-57460.0,3600.0,1260.0,B,9,1.3,0.45
,653,2.14,0.093,0.644,0.621,0.575,0.137,-49720.0,3330.0,1260.0,B,9,1.3,0.6
